/*
SQLyog Community v12.18 (64 bit)
MySQL - 5.6.21 : Database - proyecto_bd
*********************************************************************
*/


/*!40101 SET NAMES utf8 */;

/*!40101 SET SQL_MODE=''*/;

/*!40014 SET @OLD_UNIQUE_CHECKS=@@UNIQUE_CHECKS, UNIQUE_CHECKS=0 */;
/*!40014 SET @OLD_FOREIGN_KEY_CHECKS=@@FOREIGN_KEY_CHECKS, FOREIGN_KEY_CHECKS=0 */;
/*!40101 SET @OLD_SQL_MODE=@@SQL_MODE, SQL_MODE='NO_AUTO_VALUE_ON_ZERO' */;
/*!40111 SET @OLD_SQL_NOTES=@@SQL_NOTES, SQL_NOTES=0 */;
CREATE DATABASE /*!32312 IF NOT EXISTS*/`proyecto_bd` /*!40100 DEFAULT CHARACTER SET latin1 */;

USE `proyecto_bd`;

/*Table structure for table `ages` */

DROP TABLE IF EXISTS `ages`;

CREATE TABLE `ages` (
  `id` int(10) unsigned NOT NULL AUTO_INCREMENT,
  `min_age` tinyint(3) unsigned NOT NULL,
  `max_age` tinyint(3) unsigned NOT NULL,
  `name` varchar(50) DEFAULT NULL,
  PRIMARY KEY (`id`)
) ENGINE=InnoDB AUTO_INCREMENT=8 DEFAULT CHARSET=latin1;

/*Data for the table `ages` */

insert  into `ages`(`id`,`min_age`,`max_age`,`name`) values 

(1,15,17,'Cadete'),

(2,18,19,'Junior'),

(3,20,23,'Sub 23'),

(4,24,39,'Absoluto'),

(5,40,49,'Veterano 1'),

(6,50,59,'Veterano 2'),

(7,60,255,'Veterano 3');

/*Table structure for table `athletes` */

DROP TABLE IF EXISTS `athletes`;

CREATE TABLE `athletes`
(
  `id` Int UNSIGNED NOT NULL AUTO_INCREMENT,
  `name` Varchar(100) NOT NULL,
  `sex` Char(1) NOT NULL CHECK (`sex` IN ('F','M')),
  `date_of_birth` Date NOT NULL,
  `CI` Int UNSIGNED NOT NULL,
  PRIMARY KEY (`id`)
)
;

ALTER TABLE `athletes` ADD UNIQUE `CI` (`CI`)
;

/*Data for the table `athletes` */

insert  into `athletes`(`CI`,`name`,`sex`,`date_of_birth`) values 

(111111,'N','M','1965-02-02'),

(6508327,'José','M','1965-08-23'),

(8532691,'Engracia','F','1962-06-12'),

(12345678,'Sara','F','1970-03-12'),

(22824486,'Daniel','M','1994-05-13'),

(24035930,'Rusben','M','1995-09-24'),

(24411211,'Jesús','M','1995-01-04'),

(24560595,'Libny','F','1995-08-18'),

(26138934,'Zuri','F','1997-05-30');

/*Table structure for table `athletes_teams` */

DROP TABLE IF EXISTS `athletes_teams`;

CREATE TABLE `athletes_teams` (
  `athlete_id` int(10) unsigned NOT NULL,
  `team_id` int(10) unsigned NOT NULL,
  PRIMARY KEY (`athlete_id`,`team_id`),
  KEY `Relationship25` (`team_id`)
) ENGINE=InnoDB DEFAULT CHARSET=latin1;

/*Data for the table `athletes_teams` */

insert  into `athletes_teams`(`athlete_id`,`team_id`) values 

(5,1),

(2,1),

(3,2),

(4,2);

/*Table structure for table `categories` */

DROP TABLE IF EXISTS `categories`;

CREATE TABLE `categories` (
  `id` int(10) unsigned NOT NULL AUTO_INCREMENT,
  `sex` Char(1) NOT NULL CHECK (`sex` IN ('F','M')),
  `age_id` int(10) unsigned DEFAULT NULL,
  `distance_id` int(10) unsigned NOT NULL,
  PRIMARY KEY (`id`),
  KEY `IX_Relationship37` (`age_id`),
  KEY `IX_Relationship38` (`distance_id`)
) ENGINE=InnoDB AUTO_INCREMENT=91 DEFAULT CHARSET=latin1;

/*Data for the table `categories` */

insert  into `categories`(`id`,`sex`,`age_id`,`distance_id`) values 

(1,'F',NULL,1),

(2,'F',NULL,2),

(3,'F',NULL,3),

(4,'F',NULL,4),

(5,'F',NULL,5),

(6,'F',NULL,6),

(7,'F',NULL,7),

(8,'F',NULL,8),

(9,'F',NULL,9),

(10,'F',NULL,10),

(11,'M',NULL,1),

(12,'M',NULL,2),

(13,'M',NULL,3),

(14,'M',NULL,4),

(15,'M',NULL,5),

(16,'M',NULL,6),

(17,'M',NULL,7),

(18,'M',NULL,8),

(19,'M',NULL,9),

(20,'M',NULL,10),

(21,NULL,1,1),

(22,NULL,1,2),

(23,NULL,1,3),

(24,NULL,1,4),

(25,NULL,1,5),

(26,NULL,1,6),

(27,NULL,1,7),

(28,NULL,1,8),

(29,NULL,1,9),

(30,NULL,1,10),

(31,NULL,2,1),

(32,NULL,2,2),

(33,NULL,2,3),

(34,NULL,2,4),

(35,NULL,2,5),

(36,NULL,2,6),

(37,NULL,2,7),

(38,NULL,2,8),

(39,NULL,2,9),

(40,NULL,2,10),

(41,NULL,3,1),

(42,NULL,3,2),

(43,NULL,3,3),

(44,NULL,3,4),

(45,NULL,3,5),

(46,NULL,3,6),

(47,NULL,3,7),

(48,NULL,3,8),

(49,NULL,3,9),

(50,NULL,3,10),

(51,NULL,4,1),

(52,NULL,4,2),

(53,NULL,4,3),

(54,NULL,4,4),

(55,NULL,4,5),

(56,NULL,4,6),

(57,NULL,4,8),

(58,NULL,4,7),

(59,NULL,4,9),

(60,NULL,4,10),

(61,NULL,5,1),

(62,NULL,5,2),

(63,NULL,5,3),

(64,NULL,5,4),

(65,NULL,5,5),

(66,NULL,5,6),

(67,NULL,5,7),

(68,NULL,5,8),

(69,NULL,5,9),

(70,NULL,5,10),

(71,NULL,6,1),

(72,NULL,6,2),

(73,NULL,6,3),

(74,NULL,6,4),

(75,NULL,6,5),

(76,NULL,6,6),

(77,NULL,6,7),

(78,NULL,6,8),

(79,NULL,6,9),

(80,NULL,6,10),

(81,NULL,7,1),

(82,NULL,7,2),

(83,NULL,7,3),

(84,NULL,7,4),

(85,NULL,7,5),

(86,NULL,7,6),

(87,NULL,7,7),

(88,NULL,7,8),

(89,NULL,7,9),

(90,NULL,7,10);

/*Table structure for table `categories_events_modes` */

DROP TABLE IF EXISTS `categories_events_modes`;

CREATE TABLE `categories_events_modes` (
  `mode_id` int(10) unsigned NOT NULL,
  `category_id` int(10) unsigned NOT NULL,
  `event_id` int(10) unsigned NOT NULL,
  `hour` time NOT NULL,
  PRIMARY KEY (`mode_id`,`category_id`,`event_id`),
  KEY `Posee` (`category_id`),
  KEY `Evento_Modalidad_Categoria` (`event_id`)
) ENGINE=InnoDB DEFAULT CHARSET=latin1;

/*Data for the table `categories_events_modes` */

insert  into `categories_events_modes`(`mode_id`,`category_id`,`event_id`,`hour`) values 

(1,1,1,'00:12:01'),

(1,1,2,'00:12:02'),

(1,1,3,'00:12:03'),

(1,1,4,'00:12:04'),

(1,2,1,'00:12:01'),

(1,2,2,'00:12:02'),

(1,2,3,'00:12:03'),

(1,2,4,'00:12:04'),

(1,3,1,'00:12:01'),

(1,3,2,'00:12:02'),

(1,3,3,'00:12:03'),

(1,3,4,'00:12:04'),

(1,4,1,'00:12:01'),

(1,4,2,'00:12:02'),

(1,4,3,'00:12:03'),

(1,4,4,'00:12:04'),

(1,5,1,'00:12:01'),

(1,5,2,'00:12:02'),

(1,5,3,'00:12:03'),

(1,5,4,'00:12:04'),

(1,6,1,'00:12:01'),

(1,6,2,'00:12:02'),

(1,6,3,'00:12:03'),

(1,6,4,'00:12:04'),

(1,7,1,'00:12:01'),

(1,7,2,'00:12:02'),

(1,7,3,'00:12:03'),

(1,7,4,'00:12:04'),

(1,8,1,'00:12:01'),

(1,8,2,'00:12:02'),

(1,8,3,'00:12:03'),

(1,8,4,'00:12:04'),

(1,9,1,'00:12:01'),

(1,9,2,'00:12:02'),

(1,9,3,'00:12:03'),

(1,9,4,'00:12:04'),

(1,10,1,'00:12:01'),

(1,10,2,'00:12:02'),

(1,10,3,'00:12:03'),

(1,10,4,'00:12:04'),

(1,11,1,'00:12:01'),

(1,11,2,'00:12:02'),

(1,11,3,'00:12:03'),

(1,11,4,'00:12:04'),

(1,12,1,'00:12:01'),

(1,12,2,'00:12:02'),

(1,12,3,'00:12:03'),

(1,12,4,'00:12:04'),

(1,13,1,'00:12:01'),

(1,13,2,'00:12:02'),

(1,13,3,'00:12:03'),

(1,13,4,'00:12:04'),

(1,14,1,'00:12:01'),

(1,14,2,'00:12:02'),

(1,14,3,'00:12:03'),

(1,14,4,'00:12:04'),

(1,15,1,'00:12:01'),

(1,15,2,'00:12:02'),

(1,15,3,'00:12:03'),

(1,15,4,'00:12:04'),

(1,16,1,'00:12:01'),

(1,16,2,'00:12:02'),

(1,16,3,'00:12:03'),

(1,16,4,'00:12:04'),

(1,17,1,'00:12:01'),

(1,17,2,'00:12:02'),

(1,17,3,'00:12:03'),

(1,17,4,'00:12:04'),

(1,18,1,'00:12:01'),

(1,18,2,'00:12:02'),

(1,18,3,'00:12:03'),

(1,18,4,'00:12:04'),

(1,19,1,'00:12:01'),

(1,19,2,'00:12:02'),

(1,19,3,'00:12:03'),

(1,19,4,'00:12:04'),

(1,20,1,'00:12:01'),

(1,20,2,'00:12:02'),

(1,20,3,'00:12:03'),

(1,20,4,'00:12:04'),

(1,21,1,'00:12:01'),

(1,21,2,'00:12:02'),

(1,21,3,'00:12:03'),

(1,21,4,'00:12:04'),

(1,22,1,'00:12:01'),

(1,22,2,'00:12:02'),

(1,22,3,'00:12:03'),

(1,22,4,'00:12:04'),

(1,23,1,'00:12:01'),

(1,23,2,'00:12:02'),

(1,23,3,'00:12:03'),

(1,23,4,'00:12:04'),

(1,24,1,'00:12:01'),

(1,24,2,'00:12:02'),

(1,24,3,'00:12:03'),

(1,24,4,'00:12:04'),

(1,25,1,'00:12:01'),

(1,25,2,'00:12:02'),

(1,25,3,'00:12:03'),

(1,25,4,'00:12:04'),

(1,26,1,'00:12:01'),

(1,26,2,'00:12:02'),

(1,26,3,'00:12:03'),

(1,26,4,'00:12:04'),

(1,27,1,'00:12:01'),

(1,27,2,'00:12:02'),

(1,27,3,'00:12:03'),

(1,27,4,'00:12:04'),

(1,28,1,'00:12:01'),

(1,28,2,'00:12:02'),

(1,28,3,'00:12:03'),

(1,28,4,'00:12:04'),

(1,29,1,'00:12:01'),

(1,29,2,'00:12:02'),

(1,29,3,'00:12:03'),

(1,29,4,'00:12:04'),

(1,30,1,'00:12:01'),

(1,30,2,'00:12:02'),

(1,30,3,'00:12:03'),

(1,30,4,'00:12:04'),

(1,31,1,'00:12:01'),

(1,31,2,'00:12:02'),

(1,31,3,'00:12:03'),

(1,31,4,'00:12:04'),

(1,32,1,'00:12:01'),

(1,32,2,'00:12:02'),

(1,32,3,'00:12:03'),

(1,32,4,'00:12:04'),

(1,33,1,'00:12:01'),

(1,33,2,'00:12:02'),

(1,33,3,'00:12:03'),

(1,33,4,'00:12:04'),

(1,34,1,'00:12:01'),

(1,34,2,'00:12:02'),

(1,34,3,'00:12:03'),

(1,34,4,'00:12:04'),

(1,35,1,'00:12:01'),

(1,35,2,'00:12:02'),

(1,35,3,'00:12:03'),

(1,35,4,'00:12:04'),

(1,36,1,'00:12:01'),

(1,36,2,'00:12:02'),

(1,36,3,'00:12:03'),

(1,36,4,'00:12:04'),

(1,37,1,'00:12:01'),

(1,37,2,'00:12:02'),

(1,37,3,'00:12:03'),

(1,37,4,'00:12:04'),

(1,38,1,'00:12:01'),

(1,38,2,'00:12:02'),

(1,38,3,'00:12:03'),

(1,38,4,'00:12:04'),

(1,39,1,'00:12:01'),

(1,39,2,'00:12:02'),

(1,39,3,'00:12:03'),

(1,39,4,'00:12:04'),

(1,40,1,'00:12:01'),

(1,40,2,'00:12:02'),

(1,40,3,'00:12:03'),

(1,40,4,'00:12:04'),

(1,41,1,'00:12:01'),

(1,41,2,'00:12:02'),

(1,41,3,'00:12:03'),

(1,41,4,'00:12:04'),

(1,42,1,'00:12:01'),

(1,42,2,'00:12:02'),

(1,42,3,'00:12:03'),

(1,42,4,'00:12:04'),

(1,43,1,'00:12:01'),

(1,43,2,'00:12:02'),

(1,43,3,'00:12:03'),

(1,43,4,'00:12:04'),

(1,44,1,'00:12:01'),

(1,44,2,'00:12:02'),

(1,44,3,'00:12:03'),

(1,44,4,'00:12:04'),

(1,45,1,'00:12:01'),

(1,45,2,'00:12:02'),

(1,45,3,'00:12:03'),

(1,45,4,'00:12:04'),

(1,46,1,'00:12:01'),

(1,46,2,'00:12:02'),

(1,46,3,'00:12:03'),

(1,46,4,'00:12:04'),

(1,47,1,'00:12:01'),

(1,47,2,'00:12:02'),

(1,47,3,'00:12:03'),

(1,47,4,'00:12:04'),

(1,48,1,'00:12:01'),

(1,48,2,'00:12:02'),

(1,48,3,'00:12:03'),

(1,48,4,'00:12:04'),

(1,49,1,'00:12:01'),

(1,49,2,'00:12:02'),

(1,49,3,'00:12:03'),

(1,49,4,'00:12:04'),

(1,50,1,'00:12:01'),

(1,50,2,'00:12:02'),

(1,50,3,'00:12:03'),

(1,50,4,'00:12:04'),

(1,51,1,'00:12:01'),

(1,51,2,'00:12:02'),

(1,51,3,'00:12:03'),

(1,51,4,'00:12:04'),

(1,52,1,'00:12:01'),

(1,52,2,'00:12:02'),

(1,52,3,'00:12:03'),

(1,52,4,'00:12:04'),

(1,53,1,'00:12:01'),

(1,53,2,'00:12:02'),

(1,53,3,'00:12:03'),

(1,53,4,'00:12:04'),

(1,54,1,'00:12:01'),

(1,54,2,'00:12:02'),

(1,54,3,'00:12:03'),

(1,54,4,'00:12:04'),

(1,55,1,'00:12:01'),

(1,55,2,'00:12:02'),

(1,55,3,'00:12:03'),

(1,55,4,'00:12:04'),

(1,56,1,'00:12:01'),

(1,56,2,'00:12:02'),

(1,56,3,'00:12:03'),

(1,56,4,'00:12:04'),

(1,57,1,'00:12:01'),

(1,57,2,'00:12:02'),

(1,57,3,'00:12:03'),

(1,57,4,'00:12:04'),

(1,58,1,'00:12:01'),

(1,58,2,'00:12:02'),

(1,58,3,'00:12:03'),

(1,58,4,'00:12:04'),

(1,59,1,'00:12:01'),

(1,59,2,'00:12:02'),

(1,59,3,'00:12:03'),

(1,59,4,'00:12:04'),

(1,60,1,'00:12:01'),

(1,60,2,'00:12:02'),

(1,60,3,'00:12:03'),

(1,60,4,'00:12:04'),

(1,61,1,'00:12:01'),

(1,61,2,'00:12:02'),

(1,61,3,'00:12:03'),

(1,61,4,'00:12:04'),

(1,62,1,'00:12:01'),

(1,62,2,'00:12:02'),

(1,62,3,'00:12:03'),

(1,62,4,'00:12:04'),

(1,63,1,'00:12:01'),

(1,63,2,'00:12:02'),

(1,63,3,'00:12:03'),

(1,63,4,'00:12:04'),

(1,64,1,'00:12:01'),

(1,64,2,'00:12:02'),

(1,64,3,'00:12:03'),

(1,64,4,'00:12:04'),

(1,65,1,'00:12:01'),

(1,65,2,'00:12:02'),

(1,65,3,'00:12:03'),

(1,65,4,'00:12:04'),

(1,66,1,'00:12:01'),

(1,66,2,'00:12:02'),

(1,66,3,'00:12:03'),

(1,66,4,'00:12:04'),

(1,67,1,'00:12:01'),

(1,67,2,'00:12:02'),

(1,67,3,'00:12:03'),

(1,67,4,'00:12:04'),

(1,68,1,'00:12:01'),

(1,68,2,'00:12:02'),

(1,68,3,'00:12:03'),

(1,68,4,'00:12:04'),

(1,69,1,'00:12:01'),

(1,69,2,'00:12:02'),

(1,69,3,'00:12:03'),

(1,69,4,'00:12:04'),

(1,70,1,'00:12:01'),

(1,70,2,'00:12:02'),

(1,70,3,'00:12:03'),

(1,70,4,'00:12:04'),

(1,71,1,'00:12:01'),

(1,71,2,'00:12:02'),

(1,71,3,'00:12:03'),

(1,71,4,'00:12:04'),

(1,72,1,'00:12:01'),

(1,72,2,'00:12:02'),

(1,72,3,'00:12:03'),

(1,72,4,'00:12:04'),

(1,73,1,'00:12:01'),

(1,73,2,'00:12:02'),

(1,73,3,'00:12:03'),

(1,73,4,'00:12:04'),

(1,74,1,'00:12:01'),

(1,74,2,'00:12:02'),

(1,74,3,'00:12:03'),

(1,74,4,'00:12:04'),

(1,75,1,'00:12:01'),

(1,75,2,'00:12:02'),

(1,75,3,'00:12:03'),

(1,75,4,'00:12:04'),

(1,76,1,'00:12:01'),

(1,76,2,'00:12:02'),

(1,76,3,'00:12:03'),

(1,76,4,'00:12:04'),

(1,77,1,'00:12:01'),

(1,77,2,'00:12:02'),

(1,77,3,'00:12:03'),

(1,77,4,'00:12:04'),

(1,78,1,'00:12:01'),

(1,78,2,'00:12:02'),

(1,78,3,'00:12:03'),

(1,78,4,'00:12:04'),

(1,79,1,'00:12:01'),

(1,79,2,'00:12:02'),

(1,79,3,'00:12:03'),

(1,79,4,'00:12:04'),

(1,80,1,'00:12:01'),

(1,80,2,'00:12:02'),

(1,80,3,'00:12:03'),

(1,80,4,'00:12:04'),

(1,81,1,'00:12:01'),

(1,81,2,'00:12:02'),

(1,81,3,'00:12:03'),

(1,81,4,'00:12:04'),

(1,82,1,'00:12:01'),

(1,82,2,'00:12:02'),

(1,82,3,'00:12:03'),

(1,82,4,'00:12:04'),

(1,83,1,'00:12:01'),

(1,83,2,'00:12:02'),

(1,83,3,'00:12:03'),

(1,83,4,'00:12:04'),

(1,84,1,'00:12:01'),

(1,84,2,'00:12:02'),

(1,84,3,'00:12:03'),

(1,84,4,'00:12:04'),

(1,85,1,'00:12:01'),

(1,85,2,'00:12:02'),

(1,85,3,'00:12:03'),

(1,85,4,'00:12:04'),

(1,86,1,'00:12:01'),

(1,86,2,'00:12:02'),

(1,86,3,'00:12:03'),

(1,86,4,'00:12:04'),

(1,87,1,'00:12:01'),

(1,87,2,'00:12:02'),

(1,87,3,'00:12:03'),

(1,87,4,'00:12:04'),

(1,88,1,'00:12:01'),

(1,88,2,'00:12:02'),

(1,88,3,'00:12:03'),

(1,88,4,'00:12:04'),

(1,89,1,'00:12:01'),

(1,89,2,'00:12:02'),

(1,89,3,'00:12:03'),

(1,89,4,'00:12:04'),

(1,90,1,'00:12:01'),

(1,90,2,'00:12:02'),

(1,90,3,'00:12:03'),

(1,90,4,'00:12:04'),

(2,1,1,'00:12:01'),

(2,1,2,'00:12:02'),

(2,1,3,'00:12:03'),

(2,1,4,'00:12:04'),

(2,2,1,'00:12:01'),

(2,2,2,'00:12:02'),

(2,2,3,'00:12:03'),

(2,2,4,'00:12:04'),

(2,3,1,'00:12:01'),

(2,3,2,'00:12:02'),

(2,3,3,'00:12:03'),

(2,3,4,'00:12:04'),

(2,4,1,'00:12:01'),

(2,4,2,'00:12:02'),

(2,4,3,'00:12:03'),

(2,4,4,'00:12:04'),

(2,5,1,'00:12:01'),

(2,5,2,'00:12:02'),

(2,5,3,'00:12:03'),

(2,5,4,'00:12:04'),

(2,6,1,'00:12:01'),

(2,6,2,'00:12:02'),

(2,6,3,'00:12:03'),

(2,6,4,'00:12:04'),

(2,7,1,'00:12:01'),

(2,7,2,'00:12:02'),

(2,7,3,'00:12:03'),

(2,7,4,'00:12:04'),

(2,8,1,'00:12:01'),

(2,8,2,'00:12:02'),

(2,8,3,'00:12:03'),

(2,8,4,'00:12:04'),

(2,9,1,'00:12:01'),

(2,9,2,'00:12:02'),

(2,9,3,'00:12:03'),

(2,9,4,'00:12:04'),

(2,10,1,'00:12:01'),

(2,10,2,'00:12:02'),

(2,10,3,'00:12:03'),

(2,10,4,'00:12:04'),

(2,11,1,'00:12:01'),

(2,11,2,'00:12:02'),

(2,11,3,'00:12:03'),

(2,11,4,'00:12:04'),

(2,12,1,'00:12:01'),

(2,12,2,'00:12:02'),

(2,12,3,'00:12:03'),

(2,12,4,'00:12:04'),

(2,13,1,'00:12:01'),

(2,13,2,'00:12:02'),

(2,13,3,'00:12:03'),

(2,13,4,'00:12:04'),

(2,14,1,'00:12:01'),

(2,14,2,'00:12:02'),

(2,14,3,'00:12:03'),

(2,14,4,'00:12:04'),

(2,15,1,'00:12:01'),

(2,15,2,'00:12:02'),

(2,15,3,'00:12:03'),

(2,15,4,'00:12:04'),

(2,16,1,'00:12:01'),

(2,16,2,'00:12:02'),

(2,16,3,'00:12:03'),

(2,16,4,'00:12:04'),

(2,17,1,'00:12:01'),

(2,17,2,'00:12:02'),

(2,17,3,'00:12:03'),

(2,17,4,'00:12:04'),

(2,18,1,'00:12:01'),

(2,18,2,'00:12:02'),

(2,18,3,'00:12:03'),

(2,18,4,'00:12:04'),

(2,19,1,'00:12:01'),

(2,19,2,'00:12:02'),

(2,19,3,'00:12:03'),

(2,19,4,'00:12:04'),

(2,20,1,'00:12:01'),

(2,20,2,'00:12:02'),

(2,20,3,'00:12:03'),

(2,20,4,'00:12:04'),

(2,21,1,'00:12:01'),

(2,21,2,'00:12:02'),

(2,21,3,'00:12:03'),

(2,21,4,'00:12:04'),

(2,22,1,'00:12:01'),

(2,22,2,'00:12:02'),

(2,22,3,'00:12:03'),

(2,22,4,'00:12:04'),

(2,23,1,'00:12:01'),

(2,23,2,'00:12:02'),

(2,23,3,'00:12:03'),

(2,23,4,'00:12:04'),

(2,24,1,'00:12:01'),

(2,24,2,'00:12:02'),

(2,24,3,'00:12:03'),

(2,24,4,'00:12:04'),

(2,25,1,'00:12:01'),

(2,25,2,'00:12:02'),

(2,25,3,'00:12:03'),

(2,25,4,'00:12:04'),

(2,26,1,'00:12:01'),

(2,26,2,'00:12:02'),

(2,26,3,'00:12:03'),

(2,26,4,'00:12:04'),

(2,27,1,'00:12:01'),

(2,27,2,'00:12:02'),

(2,27,3,'00:12:03'),

(2,27,4,'00:12:04'),

(2,28,1,'00:12:01'),

(2,28,2,'00:12:02'),

(2,28,3,'00:12:03'),

(2,28,4,'00:12:04'),

(2,29,1,'00:12:01'),

(2,29,2,'00:12:02'),

(2,29,3,'00:12:03'),

(2,29,4,'00:12:04'),

(2,30,1,'00:12:01'),

(2,30,2,'00:12:02'),

(2,30,3,'00:12:03'),

(2,30,4,'00:12:04'),

(2,31,1,'00:12:01'),

(2,31,2,'00:12:02'),

(2,31,3,'00:12:03'),

(2,31,4,'00:12:04'),

(2,32,1,'00:12:01'),

(2,32,2,'00:12:02'),

(2,32,3,'00:12:03'),

(2,32,4,'00:12:04'),

(2,33,1,'00:12:01'),

(2,33,2,'00:12:02'),

(2,33,3,'00:12:03'),

(2,33,4,'00:12:04'),

(2,34,1,'00:12:01'),

(2,34,2,'00:12:02'),

(2,34,3,'00:12:03'),

(2,34,4,'00:12:04'),

(2,35,1,'00:12:01'),

(2,35,2,'00:12:02'),

(2,35,3,'00:12:03'),

(2,35,4,'00:12:04'),

(2,36,1,'00:12:01'),

(2,36,2,'00:12:02'),

(2,36,3,'00:12:03'),

(2,36,4,'00:12:04'),

(2,37,1,'00:12:01'),

(2,37,2,'00:12:02'),

(2,37,3,'00:12:03'),

(2,37,4,'00:12:04'),

(2,38,1,'00:12:01'),

(2,38,2,'00:12:02'),

(2,38,3,'00:12:03'),

(2,38,4,'00:12:04'),

(2,39,1,'00:12:01'),

(2,39,2,'00:12:02'),

(2,39,3,'00:12:03'),

(2,39,4,'00:12:04'),

(2,40,1,'00:12:01'),

(2,40,2,'00:12:02'),

(2,40,3,'00:12:03'),

(2,40,4,'00:12:04'),

(2,41,1,'00:12:01'),

(2,41,2,'00:12:02'),

(2,41,3,'00:12:03'),

(2,41,4,'00:12:04'),

(2,42,1,'00:12:01'),

(2,42,2,'00:12:02'),

(2,42,3,'00:12:03'),

(2,42,4,'00:12:04'),

(2,43,1,'00:12:01'),

(2,43,2,'00:12:02'),

(2,43,3,'00:12:03'),

(2,43,4,'00:12:04'),

(2,44,1,'00:12:01'),

(2,44,2,'00:12:02'),

(2,44,3,'00:12:03'),

(2,44,4,'00:12:04'),

(2,45,1,'00:12:01'),

(2,45,2,'00:12:02'),

(2,45,3,'00:12:03'),

(2,45,4,'00:12:04'),

(2,46,1,'00:12:01'),

(2,46,2,'00:12:02'),

(2,46,3,'00:12:03'),

(2,46,4,'00:12:04'),

(2,47,1,'00:12:01'),

(2,47,2,'00:12:02'),

(2,47,3,'00:12:03'),

(2,47,4,'00:12:04'),

(2,48,1,'00:12:01'),

(2,48,2,'00:12:02'),

(2,48,3,'00:12:03'),

(2,48,4,'00:12:04'),

(2,49,1,'00:12:01'),

(2,49,2,'00:12:02'),

(2,49,3,'00:12:03'),

(2,49,4,'00:12:04'),

(2,50,1,'00:12:01'),

(2,50,2,'00:12:02'),

(2,50,3,'00:12:03'),

(2,50,4,'00:12:04'),

(2,51,1,'00:12:01'),

(2,51,2,'00:12:02'),

(2,51,3,'00:12:03'),

(2,51,4,'00:12:04'),

(2,52,1,'00:12:01'),

(2,52,2,'00:12:02'),

(2,52,3,'00:12:03'),

(2,52,4,'00:12:04'),

(2,53,1,'00:12:01'),

(2,53,2,'00:12:02'),

(2,53,3,'00:12:03'),

(2,53,4,'00:12:04'),

(2,54,1,'00:12:01'),

(2,54,2,'00:12:02'),

(2,54,3,'00:12:03'),

(2,54,4,'00:12:04'),

(2,55,1,'00:12:01'),

(2,55,2,'00:12:02'),

(2,55,3,'00:12:03'),

(2,55,4,'00:12:04'),

(2,56,1,'00:12:01'),

(2,56,2,'00:12:02'),

(2,56,3,'00:12:03'),

(2,56,4,'00:12:04'),

(2,57,1,'00:12:01'),

(2,57,2,'00:12:02'),

(2,57,3,'00:12:03'),

(2,57,4,'00:12:04'),

(2,58,1,'00:12:01'),

(2,58,2,'00:12:02'),

(2,58,3,'00:12:03'),

(2,58,4,'00:12:04'),

(2,59,1,'00:12:01'),

(2,59,2,'00:12:02'),

(2,59,3,'00:12:03'),

(2,59,4,'00:12:04'),

(2,60,1,'00:12:01'),

(2,60,2,'00:12:02'),

(2,60,3,'00:12:03'),

(2,60,4,'00:12:04'),

(2,61,1,'00:12:01'),

(2,61,2,'00:12:02'),

(2,61,3,'00:12:03'),

(2,61,4,'00:12:04'),

(2,62,1,'00:12:01'),

(2,62,2,'00:12:02'),

(2,62,3,'00:12:03'),

(2,62,4,'00:12:04'),

(2,63,1,'00:12:01'),

(2,63,2,'00:12:02'),

(2,63,3,'00:12:03'),

(2,63,4,'00:12:04'),

(2,64,1,'00:12:01'),

(2,64,2,'00:12:02'),

(2,64,3,'00:12:03'),

(2,64,4,'00:12:04'),

(2,65,1,'00:12:01'),

(2,65,2,'00:12:02'),

(2,65,3,'00:12:03'),

(2,65,4,'00:12:04'),

(2,66,1,'00:12:01'),

(2,66,2,'00:12:02'),

(2,66,3,'00:12:03'),

(2,66,4,'00:12:04'),

(2,67,1,'00:12:01'),

(2,67,2,'00:12:02'),

(2,67,3,'00:12:03'),

(2,67,4,'00:12:04'),

(2,68,1,'00:12:01'),

(2,68,2,'00:12:02'),

(2,68,3,'00:12:03'),

(2,68,4,'00:12:04'),

(2,69,1,'00:12:01'),

(2,69,2,'00:12:02'),

(2,69,3,'00:12:03'),

(2,69,4,'00:12:04'),

(2,70,1,'00:12:01'),

(2,70,2,'00:12:02'),

(2,70,3,'00:12:03'),

(2,70,4,'00:12:04'),

(2,71,1,'00:12:01'),

(2,71,2,'00:12:02'),

(2,71,3,'00:12:03'),

(2,71,4,'00:12:04'),

(2,72,1,'00:12:01'),

(2,72,2,'00:12:02'),

(2,72,3,'00:12:03'),

(2,72,4,'00:12:04'),

(2,73,1,'00:12:01'),

(2,73,2,'00:12:02'),

(2,73,3,'00:12:03'),

(2,73,4,'00:12:04'),

(2,74,1,'00:12:01'),

(2,74,2,'00:12:02'),

(2,74,3,'00:12:03'),

(2,74,4,'00:12:04'),

(2,75,1,'00:12:01'),

(2,75,2,'00:12:02'),

(2,75,3,'00:12:03'),

(2,75,4,'00:12:04'),

(2,76,1,'00:12:01'),

(2,76,2,'00:12:02'),

(2,76,3,'00:12:03'),

(2,76,4,'00:12:04'),

(2,77,1,'00:12:01'),

(2,77,2,'00:12:02'),

(2,77,3,'00:12:03'),

(2,77,4,'00:12:04'),

(2,78,1,'00:12:01'),

(2,78,2,'00:12:02'),

(2,78,3,'00:12:03'),

(2,78,4,'00:12:04'),

(2,79,1,'00:12:01'),

(2,79,2,'00:12:02'),

(2,79,3,'00:12:03'),

(2,79,4,'00:12:04'),

(2,80,1,'00:12:01'),

(2,80,2,'00:12:02'),

(2,80,3,'00:12:03'),

(2,80,4,'00:12:04'),

(2,81,1,'00:12:01'),

(2,81,2,'00:12:02'),

(2,81,3,'00:12:03'),

(2,81,4,'00:12:04'),

(2,82,1,'00:12:01'),

(2,82,2,'00:12:02'),

(2,82,3,'00:12:03'),

(2,82,4,'00:12:04'),

(2,83,1,'00:12:01'),

(2,83,2,'00:12:02'),

(2,83,3,'00:12:03'),

(2,83,4,'00:12:04'),

(2,84,1,'00:12:01'),

(2,84,2,'00:12:02'),

(2,84,3,'00:12:03'),

(2,84,4,'00:12:04'),

(2,85,1,'00:12:01'),

(2,85,2,'00:12:02'),

(2,85,3,'00:12:03'),

(2,85,4,'00:12:04'),

(2,86,1,'00:12:01'),

(2,86,2,'00:12:02'),

(2,86,3,'00:12:03'),

(2,86,4,'00:12:04'),

(2,87,1,'00:12:01'),

(2,87,2,'00:12:02'),

(2,87,3,'00:12:03'),

(2,87,4,'00:12:04'),

(2,88,1,'00:12:01'),

(2,88,2,'00:12:02'),

(2,88,3,'00:12:03'),

(2,88,4,'00:12:04'),

(2,89,1,'00:12:01'),

(2,89,2,'00:12:02'),

(2,89,3,'00:12:03'),

(2,89,4,'00:12:04'),

(2,90,1,'00:12:01'),

(2,90,2,'00:12:02'),

(2,90,3,'00:12:03'),

(2,90,4,'00:12:04'),

(3,1,1,'00:12:01'),

(3,1,2,'00:12:02'),

(3,1,3,'00:12:03'),

(3,1,4,'00:12:04'),

(3,2,1,'00:12:01'),

(3,2,2,'00:12:02'),

(3,2,3,'00:12:03'),

(3,2,4,'00:12:04'),

(3,3,1,'00:12:01'),

(3,3,2,'00:12:02'),

(3,3,3,'00:12:03'),

(3,3,4,'00:12:04'),

(3,4,1,'00:12:01'),

(3,4,2,'00:12:02'),

(3,4,3,'00:12:03'),

(3,4,4,'00:12:04'),

(3,5,1,'00:12:01'),

(3,5,2,'00:12:02'),

(3,5,3,'00:12:03'),

(3,5,4,'00:12:04'),

(3,6,1,'00:12:01'),

(3,6,2,'00:12:02'),

(3,6,3,'00:12:03'),

(3,6,4,'00:12:04'),

(3,7,1,'00:12:01'),

(3,7,2,'00:12:02'),

(3,7,3,'00:12:03'),

(3,7,4,'00:12:04'),

(3,8,1,'00:12:01'),

(3,8,2,'00:12:02'),

(3,8,3,'00:12:03'),

(3,8,4,'00:12:04'),

(3,9,1,'00:12:01'),

(3,9,2,'00:12:02'),

(3,9,3,'00:12:03'),

(3,9,4,'00:12:04'),

(3,10,1,'00:12:01'),

(3,10,2,'00:12:02'),

(3,10,3,'00:12:03'),

(3,10,4,'00:12:04'),

(3,11,1,'00:12:01'),

(3,11,2,'00:12:02'),

(3,11,3,'00:12:03'),

(3,11,4,'00:12:04'),

(3,12,1,'00:12:01'),

(3,12,2,'00:12:02'),

(3,12,3,'00:12:03'),

(3,12,4,'00:12:04'),

(3,13,1,'00:12:01'),

(3,13,2,'00:12:02'),

(3,13,3,'00:12:03'),

(3,13,4,'00:12:04'),

(3,14,1,'00:12:01'),

(3,14,2,'00:12:02'),

(3,14,3,'00:12:03'),

(3,14,4,'00:12:04'),

(3,15,1,'00:12:01'),

(3,15,2,'00:12:02'),

(3,15,3,'00:12:03'),

(3,15,4,'00:12:04'),

(3,16,1,'00:12:01'),

(3,16,2,'00:12:02'),

(3,16,3,'00:12:03'),

(3,16,4,'00:12:04'),

(3,17,1,'00:12:01'),

(3,17,2,'00:12:02'),

(3,17,3,'00:12:03'),

(3,17,4,'00:12:04'),

(3,18,1,'00:12:01'),

(3,18,2,'00:12:02'),

(3,18,3,'00:12:03'),

(3,18,4,'00:12:04'),

(3,19,1,'00:12:01'),

(3,19,2,'00:12:02'),

(3,19,3,'00:12:03'),

(3,19,4,'00:12:04'),

(3,20,1,'00:12:01'),

(3,20,2,'00:12:02'),

(3,20,3,'00:12:03'),

(3,20,4,'00:12:04'),

(3,21,1,'00:12:01'),

(3,21,2,'00:12:02'),

(3,21,3,'00:12:03'),

(3,21,4,'00:12:04'),

(3,22,1,'00:12:01'),

(3,22,2,'00:12:02'),

(3,22,3,'00:12:03'),

(3,22,4,'00:12:04'),

(3,23,1,'00:12:01'),

(3,23,2,'00:12:02'),

(3,23,3,'00:12:03'),

(3,23,4,'00:12:04'),

(3,24,1,'00:12:01'),

(3,24,2,'00:12:02'),

(3,24,3,'00:12:03'),

(3,24,4,'00:12:04'),

(3,25,1,'00:12:01'),

(3,25,2,'00:12:02'),

(3,25,3,'00:12:03'),

(3,25,4,'00:12:04'),

(3,26,1,'00:12:01'),

(3,26,2,'00:12:02'),

(3,26,3,'00:12:03'),

(3,26,4,'00:12:04'),

(3,27,1,'00:12:01'),

(3,27,2,'00:12:02'),

(3,27,3,'00:12:03'),

(3,27,4,'00:12:04'),

(3,28,1,'00:12:01'),

(3,28,2,'00:12:02'),

(3,28,3,'00:12:03'),

(3,28,4,'00:12:04'),

(3,29,1,'00:12:01'),

(3,29,2,'00:12:02'),

(3,29,3,'00:12:03'),

(3,29,4,'00:12:04'),

(3,30,1,'00:12:01'),

(3,30,2,'00:12:02'),

(3,30,3,'00:12:03'),

(3,30,4,'00:12:04'),

(3,31,1,'00:12:01'),

(3,31,2,'00:12:02'),

(3,31,3,'00:12:03'),

(3,31,4,'00:12:04'),

(3,32,1,'00:12:01'),

(3,32,2,'00:12:02'),

(3,32,3,'00:12:03'),

(3,32,4,'00:12:04'),

(3,33,1,'00:12:01'),

(3,33,2,'00:12:02'),

(3,33,3,'00:12:03'),

(3,33,4,'00:12:04'),

(3,34,1,'00:12:01'),

(3,34,2,'00:12:02'),

(3,34,3,'00:12:03'),

(3,34,4,'00:12:04'),

(3,35,1,'00:12:01'),

(3,35,2,'00:12:02'),

(3,35,3,'00:12:03'),

(3,35,4,'00:12:04'),

(3,36,1,'00:12:01'),

(3,36,2,'00:12:02'),

(3,36,3,'00:12:03'),

(3,36,4,'00:12:04'),

(3,37,1,'00:12:01'),

(3,37,2,'00:12:02'),

(3,37,3,'00:12:03'),

(3,37,4,'00:12:04'),

(3,38,1,'00:12:01'),

(3,38,2,'00:12:02'),

(3,38,3,'00:12:03'),

(3,38,4,'00:12:04'),

(3,39,1,'00:12:01'),

(3,39,2,'00:12:02'),

(3,39,3,'00:12:03'),

(3,39,4,'00:12:04'),

(3,40,1,'00:12:01'),

(3,40,2,'00:12:02'),

(3,40,3,'00:12:03'),

(3,40,4,'00:12:04'),

(3,41,1,'00:12:01'),

(3,41,2,'00:12:02'),

(3,41,3,'00:12:03'),

(3,41,4,'00:12:04'),

(3,42,1,'00:12:01'),

(3,42,2,'00:12:02'),

(3,42,3,'00:12:03'),

(3,42,4,'00:12:04'),

(3,43,1,'00:12:01'),

(3,43,2,'00:12:02'),

(3,43,3,'00:12:03'),

(3,43,4,'00:12:04'),

(3,44,1,'00:12:01'),

(3,44,2,'00:12:02'),

(3,44,3,'00:12:03'),

(3,44,4,'00:12:04'),

(3,45,1,'00:12:01'),

(3,45,2,'00:12:02'),

(3,45,3,'00:12:03'),

(3,45,4,'00:12:04'),

(3,46,1,'00:12:01'),

(3,46,2,'00:12:02'),

(3,46,3,'00:12:03'),

(3,46,4,'00:12:04'),

(3,47,1,'00:12:01'),

(3,47,2,'00:12:02'),

(3,47,3,'00:12:03'),

(3,47,4,'00:12:04'),

(3,48,1,'00:12:01'),

(3,48,2,'00:12:02'),

(3,48,3,'00:12:03'),

(3,48,4,'00:12:04'),

(3,49,1,'00:12:01'),

(3,49,2,'00:12:02'),

(3,49,3,'00:12:03'),

(3,49,4,'00:12:04'),

(3,50,1,'00:12:01'),

(3,50,2,'00:12:02'),

(3,50,3,'00:12:03'),

(3,50,4,'00:12:04'),

(3,51,1,'00:12:01'),

(3,51,2,'00:12:02'),

(3,51,3,'00:12:03'),

(3,51,4,'00:12:04'),

(3,52,1,'00:12:01'),

(3,52,2,'00:12:02'),

(3,52,3,'00:12:03'),

(3,52,4,'00:12:04'),

(3,53,1,'00:12:01'),

(3,53,2,'00:12:02'),

(3,53,3,'00:12:03'),

(3,53,4,'00:12:04'),

(3,54,1,'00:12:01'),

(3,54,2,'00:12:02'),

(3,54,3,'00:12:03'),

(3,54,4,'00:12:04'),

(3,55,1,'00:12:01'),

(3,55,2,'00:12:02'),

(3,55,3,'00:12:03'),

(3,55,4,'00:12:04'),

(3,56,1,'00:12:01'),

(3,56,2,'00:12:02'),

(3,56,3,'00:12:03'),

(3,56,4,'00:12:04'),

(3,57,1,'00:12:01'),

(3,57,2,'00:12:02'),

(3,57,3,'00:12:03'),

(3,57,4,'00:12:04'),

(3,58,1,'00:12:01'),

(3,58,2,'00:12:02'),

(3,58,3,'00:12:03'),

(3,58,4,'00:12:04'),

(3,59,1,'00:12:01'),

(3,59,2,'00:12:02'),

(3,59,3,'00:12:03'),

(3,59,4,'00:12:04'),

(3,60,1,'00:12:01'),

(3,60,2,'00:12:02'),

(3,60,3,'00:12:03'),

(3,60,4,'00:12:04'),

(3,61,1,'00:12:01'),

(3,61,2,'00:12:02'),

(3,61,3,'00:12:03'),

(3,61,4,'00:12:04'),

(3,62,1,'00:12:01'),

(3,62,2,'00:12:02'),

(3,62,3,'00:12:03'),

(3,62,4,'00:12:04'),

(3,63,1,'00:12:01'),

(3,63,2,'00:12:02'),

(3,63,3,'00:12:03'),

(3,63,4,'00:12:04'),

(3,64,1,'00:12:01'),

(3,64,2,'00:12:02'),

(3,64,3,'00:12:03'),

(3,64,4,'00:12:04'),

(3,65,1,'00:12:01'),

(3,65,2,'00:12:02'),

(3,65,3,'00:12:03'),

(3,65,4,'00:12:04'),

(3,66,1,'00:12:01'),

(3,66,2,'00:12:02'),

(3,66,3,'00:12:03'),

(3,66,4,'00:12:04'),

(3,67,1,'00:12:01'),

(3,67,2,'00:12:02'),

(3,67,3,'00:12:03'),

(3,67,4,'00:12:04'),

(3,68,1,'00:12:01'),

(3,68,2,'00:12:02'),

(3,68,3,'00:12:03'),

(3,68,4,'00:12:04'),

(3,69,1,'00:12:01'),

(3,69,2,'00:12:02'),

(3,69,3,'00:12:03'),

(3,69,4,'00:12:04'),

(3,70,1,'00:12:01'),

(3,70,2,'00:12:02'),

(3,70,3,'00:12:03'),

(3,70,4,'00:12:04'),

(3,71,1,'00:12:01'),

(3,71,2,'00:12:02'),

(3,71,3,'00:12:03'),

(3,71,4,'00:12:04'),

(3,72,1,'00:12:01'),

(3,72,2,'00:12:02'),

(3,72,3,'00:12:03'),

(3,72,4,'00:12:04'),

(3,73,1,'00:12:01'),

(3,73,2,'00:12:02'),

(3,73,3,'00:12:03'),

(3,73,4,'00:12:04'),

(3,74,1,'00:12:01'),

(3,74,2,'00:12:02'),

(3,74,3,'00:12:03'),

(3,74,4,'00:12:04'),

(3,75,1,'00:12:01'),

(3,75,2,'00:12:02'),

(3,75,3,'00:12:03'),

(3,75,4,'00:12:04'),

(3,76,1,'00:12:01'),

(3,76,2,'00:12:02'),

(3,76,3,'00:12:03'),

(3,76,4,'00:12:04'),

(3,77,1,'00:12:01'),

(3,77,2,'00:12:02'),

(3,77,3,'00:12:03'),

(3,77,4,'00:12:04'),

(3,78,1,'00:12:01'),

(3,78,2,'00:12:02'),

(3,78,3,'00:12:03'),

(3,78,4,'00:12:04'),

(3,79,1,'00:12:01'),

(3,79,2,'00:12:02'),

(3,79,3,'00:12:03'),

(3,79,4,'00:12:04'),

(3,80,1,'00:12:01'),

(3,80,2,'00:12:02'),

(3,80,3,'00:12:03'),

(3,80,4,'00:12:04'),

(3,81,1,'00:12:01'),

(3,81,2,'00:12:02'),

(3,81,3,'00:12:03'),

(3,81,4,'00:12:04'),

(3,82,1,'00:12:01'),

(3,82,2,'00:12:02'),

(3,82,3,'00:12:03'),

(3,82,4,'00:12:04'),

(3,83,1,'00:12:01'),

(3,83,2,'00:12:02'),

(3,83,3,'00:12:03'),

(3,83,4,'00:12:04'),

(3,84,1,'00:12:01'),

(3,84,2,'00:12:02'),

(3,84,3,'00:12:03'),

(3,84,4,'00:12:04'),

(3,85,1,'00:12:01'),

(3,85,2,'00:12:02'),

(3,85,3,'00:12:03'),

(3,85,4,'00:12:04'),

(3,86,1,'00:12:01'),

(3,86,2,'00:12:02'),

(3,86,3,'00:12:03'),

(3,86,4,'00:12:04'),

(3,87,1,'00:12:01'),

(3,87,2,'00:12:02'),

(3,87,3,'00:12:03'),

(3,87,4,'00:12:04'),

(3,88,1,'00:12:01'),

(3,88,2,'00:12:02'),

(3,88,3,'00:12:03'),

(3,88,4,'00:12:04'),

(3,89,1,'00:12:01'),

(3,89,2,'00:12:02'),

(3,89,3,'00:12:03'),

(3,89,4,'00:12:04'),

(3,90,1,'00:12:01'),

(3,90,2,'00:12:02'),

(3,90,3,'00:12:03'),

(3,90,4,'00:12:04'),

(4,1,1,'00:12:01'),

(4,1,2,'00:12:02'),

(4,1,3,'00:12:03'),

(4,1,4,'00:12:04'),

(4,2,1,'00:12:01'),

(4,2,2,'00:12:02'),

(4,2,3,'00:12:03'),

(4,2,4,'00:12:04'),

(4,3,1,'00:12:01'),

(4,3,2,'00:12:02'),

(4,3,3,'00:12:03'),

(4,3,4,'00:12:04'),

(4,4,1,'00:12:01'),

(4,4,2,'00:12:02'),

(4,4,3,'00:12:03'),

(4,4,4,'00:12:04'),

(4,5,1,'00:12:01'),

(4,5,2,'00:12:02'),

(4,5,3,'00:12:03'),

(4,5,4,'00:12:04'),

(4,6,1,'00:12:01'),

(4,6,2,'00:12:02'),

(4,6,3,'00:12:03'),

(4,6,4,'00:12:04'),

(4,7,1,'00:12:01'),

(4,7,2,'00:12:02'),

(4,7,3,'00:12:03'),

(4,7,4,'00:12:04'),

(4,8,1,'00:12:01'),

(4,8,2,'00:12:02'),

(4,8,3,'00:12:03'),

(4,8,4,'00:12:04'),

(4,9,1,'00:12:01'),

(4,9,2,'00:12:02'),

(4,9,3,'00:12:03'),

(4,9,4,'00:12:04'),

(4,10,1,'00:12:01'),

(4,10,2,'00:12:02'),

(4,10,3,'00:12:03'),

(4,10,4,'00:12:04'),

(4,11,1,'00:12:01'),

(4,11,2,'00:12:02'),

(4,11,3,'00:12:03'),

(4,11,4,'00:12:04'),

(4,12,1,'00:12:01'),

(4,12,2,'00:12:02'),

(4,12,3,'00:12:03'),

(4,12,4,'00:12:04'),

(4,13,1,'00:12:01'),

(4,13,2,'00:12:02'),

(4,13,3,'00:12:03'),

(4,13,4,'00:12:04'),

(4,14,1,'00:12:01'),

(4,14,2,'00:12:02'),

(4,14,3,'00:12:03'),

(4,14,4,'00:12:04'),

(4,15,1,'00:12:01'),

(4,15,2,'00:12:02'),

(4,15,3,'00:12:03'),

(4,15,4,'00:12:04'),

(4,16,1,'00:12:01'),

(4,16,2,'00:12:02'),

(4,16,3,'00:12:03'),

(4,16,4,'00:12:04'),

(4,17,1,'00:12:01'),

(4,17,2,'00:12:02'),

(4,17,3,'00:12:03'),

(4,17,4,'00:12:04'),

(4,18,1,'00:12:01'),

(4,18,2,'00:12:02'),

(4,18,3,'00:12:03'),

(4,18,4,'00:12:04'),

(4,19,1,'00:12:01'),

(4,19,2,'00:12:02'),

(4,19,3,'00:12:03'),

(4,19,4,'00:12:04'),

(4,20,1,'00:12:01'),

(4,20,2,'00:12:02'),

(4,20,3,'00:12:03'),

(4,20,4,'00:12:04'),

(4,21,1,'00:12:01'),

(4,21,2,'00:12:02'),

(4,21,3,'00:12:03'),

(4,21,4,'00:12:04'),

(4,22,1,'00:12:01'),

(4,22,2,'00:12:02'),

(4,22,3,'00:12:03'),

(4,22,4,'00:12:04'),

(4,23,1,'00:12:01'),

(4,23,2,'00:12:02'),

(4,23,3,'00:12:03'),

(4,23,4,'00:12:04'),

(4,24,1,'00:12:01'),

(4,24,2,'00:12:02'),

(4,24,3,'00:12:03'),

(4,24,4,'00:12:04'),

(4,25,1,'00:12:01'),

(4,25,2,'00:12:02'),

(4,25,3,'00:12:03'),

(4,25,4,'00:12:04'),

(4,26,1,'00:12:01'),

(4,26,2,'00:12:02'),

(4,26,3,'00:12:03'),

(4,26,4,'00:12:04'),

(4,27,1,'00:12:01'),

(4,27,2,'00:12:02'),

(4,27,3,'00:12:03'),

(4,27,4,'00:12:04'),

(4,28,1,'00:12:01'),

(4,28,2,'00:12:02'),

(4,28,3,'00:12:03'),

(4,28,4,'00:12:04'),

(4,29,1,'00:12:01'),

(4,29,2,'00:12:02'),

(4,29,3,'00:12:03'),

(4,29,4,'00:12:04'),

(4,30,1,'00:12:01'),

(4,30,2,'00:12:02'),

(4,30,3,'00:12:03'),

(4,30,4,'00:12:04'),

(4,31,1,'00:12:01'),

(4,31,2,'00:12:02'),

(4,31,3,'00:12:03'),

(4,31,4,'00:12:04'),

(4,32,1,'00:12:01'),

(4,32,2,'00:12:02'),

(4,32,3,'00:12:03'),

(4,32,4,'00:12:04'),

(4,33,1,'00:12:01'),

(4,33,2,'00:12:02'),

(4,33,3,'00:12:03'),

(4,33,4,'00:12:04'),

(4,34,1,'00:12:01'),

(4,34,2,'00:12:02'),

(4,34,3,'00:12:03'),

(4,34,4,'00:12:04'),

(4,35,1,'00:12:01'),

(4,35,2,'00:12:02'),

(4,35,3,'00:12:03'),

(4,35,4,'00:12:04'),

(4,36,1,'00:12:01'),

(4,36,2,'00:12:02'),

(4,36,3,'00:12:03'),

(4,36,4,'00:12:04'),

(4,37,1,'00:12:01'),

(4,37,2,'00:12:02'),

(4,37,3,'00:12:03'),

(4,37,4,'00:12:04'),

(4,38,1,'00:12:01'),

(4,38,2,'00:12:02'),

(4,38,3,'00:12:03'),

(4,38,4,'00:12:04'),

(4,39,1,'00:12:01'),

(4,39,2,'00:12:02'),

(4,39,3,'00:12:03'),

(4,39,4,'00:12:04'),

(4,40,1,'00:12:01'),

(4,40,2,'00:12:02'),

(4,40,3,'00:12:03'),

(4,40,4,'00:12:04'),

(4,41,1,'00:12:01'),

(4,41,2,'00:12:02'),

(4,41,3,'00:12:03'),

(4,41,4,'00:12:04'),

(4,42,1,'00:12:01'),

(4,42,2,'00:12:02'),

(4,42,3,'00:12:03'),

(4,42,4,'00:12:04'),

(4,43,1,'00:12:01'),

(4,43,2,'00:12:02'),

(4,43,3,'00:12:03'),

(4,43,4,'00:12:04'),

(4,44,1,'00:12:01'),

(4,44,2,'00:12:02'),

(4,44,3,'00:12:03'),

(4,44,4,'00:12:04'),

(4,45,1,'00:12:01'),

(4,45,2,'00:12:02'),

(4,45,3,'00:12:03'),

(4,45,4,'00:12:04'),

(4,46,1,'00:12:01'),

(4,46,2,'00:12:02'),

(4,46,3,'00:12:03'),

(4,46,4,'00:12:04'),

(4,47,1,'00:12:01'),

(4,47,2,'00:12:02'),

(4,47,3,'00:12:03'),

(4,47,4,'00:12:04'),

(4,48,1,'00:12:01'),

(4,48,2,'00:12:02'),

(4,48,3,'00:12:03'),

(4,48,4,'00:12:04'),

(4,49,1,'00:12:01'),

(4,49,2,'00:12:02'),

(4,49,3,'00:12:03'),

(4,49,4,'00:12:04'),

(4,50,1,'00:12:01'),

(4,50,2,'00:12:02'),

(4,50,3,'00:12:03'),

(4,50,4,'00:12:04'),

(4,51,1,'00:12:01'),

(4,51,2,'00:12:02'),

(4,51,3,'00:12:03'),

(4,51,4,'00:12:04'),

(4,52,1,'00:12:01'),

(4,52,2,'00:12:02'),

(4,52,3,'00:12:03'),

(4,52,4,'00:12:04'),

(4,53,1,'00:12:01'),

(4,53,2,'00:12:02'),

(4,53,3,'00:12:03'),

(4,53,4,'00:12:04'),

(4,54,1,'00:12:01'),

(4,54,2,'00:12:02'),

(4,54,3,'00:12:03'),

(4,54,4,'00:12:04'),

(4,55,1,'00:12:01'),

(4,55,2,'00:12:02'),

(4,55,3,'00:12:03'),

(4,55,4,'00:12:04'),

(4,56,1,'00:12:01'),

(4,56,2,'00:12:02'),

(4,56,3,'00:12:03'),

(4,56,4,'00:12:04'),

(4,57,1,'00:12:01'),

(4,57,2,'00:12:02'),

(4,57,3,'00:12:03'),

(4,57,4,'00:12:04'),

(4,58,1,'00:12:01'),

(4,58,2,'00:12:02'),

(4,58,3,'00:12:03'),

(4,58,4,'00:12:04'),

(4,59,1,'00:12:01'),

(4,59,2,'00:12:02'),

(4,59,3,'00:12:03'),

(4,59,4,'00:12:04'),

(4,60,1,'00:12:01'),

(4,60,2,'00:12:02'),

(4,60,3,'00:12:03'),

(4,60,4,'00:12:04'),

(4,61,1,'00:12:01'),

(4,61,2,'00:12:02'),

(4,61,3,'00:12:03'),

(4,61,4,'00:12:04'),

(4,62,1,'00:12:01'),

(4,62,2,'00:12:02'),

(4,62,3,'00:12:03'),

(4,62,4,'00:12:04'),

(4,63,1,'00:12:01'),

(4,63,2,'00:12:02'),

(4,63,3,'00:12:03'),

(4,63,4,'00:12:04'),

(4,64,1,'00:12:01'),

(4,64,2,'00:12:02'),

(4,64,3,'00:12:03'),

(4,64,4,'00:12:04'),

(4,65,1,'00:12:01'),

(4,65,2,'00:12:02'),

(4,65,3,'00:12:03'),

(4,65,4,'00:12:04'),

(4,66,1,'00:12:01'),

(4,66,2,'00:12:02'),

(4,66,3,'00:12:03'),

(4,66,4,'00:12:04'),

(4,67,1,'00:12:01'),

(4,67,2,'00:12:02'),

(4,67,3,'00:12:03'),

(4,67,4,'00:12:04'),

(4,68,1,'00:12:01'),

(4,68,2,'00:12:02'),

(4,68,3,'00:12:03'),

(4,68,4,'00:12:04'),

(4,69,1,'00:12:01'),

(4,69,2,'00:12:02'),

(4,69,3,'00:12:03'),

(4,69,4,'00:12:04'),

(4,70,1,'00:12:01'),

(4,70,2,'00:12:02'),

(4,70,3,'00:12:03'),

(4,70,4,'00:12:04'),

(4,71,1,'00:12:01'),

(4,71,2,'00:12:02'),

(4,71,3,'00:12:03'),

(4,71,4,'00:12:04'),

(4,72,1,'00:12:01'),

(4,72,2,'00:12:02'),

(4,72,3,'00:12:03'),

(4,72,4,'00:12:04'),

(4,73,1,'00:12:01'),

(4,73,2,'00:12:02'),

(4,73,3,'00:12:03'),

(4,73,4,'00:12:04'),

(4,74,1,'00:12:01'),

(4,74,2,'00:12:02'),

(4,74,3,'00:12:03'),

(4,74,4,'00:12:04'),

(4,75,1,'00:12:01'),

(4,75,2,'00:12:02'),

(4,75,3,'00:12:03'),

(4,75,4,'00:12:04'),

(4,76,1,'00:12:01'),

(4,76,2,'00:12:02'),

(4,76,3,'00:12:03'),

(4,76,4,'00:12:04'),

(4,77,1,'00:12:01'),

(4,77,2,'00:12:02'),

(4,77,3,'00:12:03'),

(4,77,4,'00:12:04'),

(4,78,1,'00:12:01'),

(4,78,2,'00:12:02'),

(4,78,3,'00:12:03'),

(4,78,4,'00:12:04'),

(4,79,1,'00:12:01'),

(4,79,2,'00:12:02'),

(4,79,3,'00:12:03'),

(4,79,4,'00:12:04'),

(4,80,1,'00:12:01'),

(4,80,2,'00:12:02'),

(4,80,3,'00:12:03'),

(4,80,4,'00:12:04'),

(4,81,1,'00:12:01'),

(4,81,2,'00:12:02'),

(4,81,3,'00:12:03'),

(4,81,4,'00:12:04'),

(4,82,1,'00:12:01'),

(4,82,2,'00:12:02'),

(4,82,3,'00:12:03'),

(4,82,4,'00:12:04'),

(4,83,1,'00:12:01'),

(4,83,2,'00:12:02'),

(4,83,3,'00:12:03'),

(4,83,4,'00:12:04'),

(4,84,1,'00:12:01'),

(4,84,2,'00:12:02'),

(4,84,3,'00:12:03'),

(4,84,4,'00:12:04'),

(4,85,1,'00:12:01'),

(4,85,2,'00:12:02'),

(4,85,3,'00:12:03'),

(4,85,4,'00:12:04'),

(4,86,1,'00:12:01'),

(4,86,2,'00:12:02'),

(4,86,3,'00:12:03'),

(4,86,4,'00:12:04'),

(4,87,1,'00:12:01'),

(4,87,2,'00:12:02'),

(4,87,3,'00:12:03'),

(4,87,4,'00:12:04'),

(4,88,1,'00:12:01'),

(4,88,2,'00:12:02'),

(4,88,3,'00:12:03'),

(4,88,4,'00:12:04'),

(4,89,1,'00:12:01'),

(4,89,2,'00:12:02'),

(4,89,3,'00:12:03'),

(4,89,4,'00:12:04'),

(4,90,1,'00:12:01'),

(4,90,2,'00:12:02'),

(4,90,3,'00:12:03'),

(4,90,4,'00:12:04'),

(5,1,1,'00:12:01'),

(5,1,2,'00:12:02'),

(5,1,3,'00:12:03'),

(5,1,4,'00:12:04'),

(5,2,1,'00:12:01'),

(5,2,2,'00:12:02'),

(5,2,3,'00:12:03'),

(5,2,4,'00:12:04'),

(5,3,1,'00:12:01'),

(5,3,2,'00:12:02'),

(5,3,3,'00:12:03'),

(5,3,4,'00:12:04'),

(5,4,1,'00:12:01'),

(5,4,2,'00:12:02'),

(5,4,3,'00:12:03'),

(5,4,4,'00:12:04'),

(5,5,1,'00:12:01'),

(5,5,2,'00:12:02'),

(5,5,3,'00:12:03'),

(5,5,4,'00:12:04'),

(5,6,1,'00:12:01'),

(5,6,2,'00:12:02'),

(5,6,3,'00:12:03'),

(5,6,4,'00:12:04'),

(5,7,1,'00:12:01'),

(5,7,2,'00:12:02'),

(5,7,3,'00:12:03'),

(5,7,4,'00:12:04'),

(5,8,1,'00:12:01'),

(5,8,2,'00:12:02'),

(5,8,3,'00:12:03'),

(5,8,4,'00:12:04'),

(5,9,1,'00:12:01'),

(5,9,2,'00:12:02'),

(5,9,3,'00:12:03'),

(5,9,4,'00:12:04'),

(5,10,1,'00:12:01'),

(5,10,2,'00:12:02'),

(5,10,3,'00:12:03'),

(5,10,4,'00:12:04'),

(5,11,1,'00:12:01'),

(5,11,2,'00:12:02'),

(5,11,3,'00:12:03'),

(5,11,4,'00:12:04'),

(5,12,1,'00:12:01'),

(5,12,2,'00:12:02'),

(5,12,3,'00:12:03'),

(5,12,4,'00:12:04'),

(5,13,1,'00:12:01'),

(5,13,2,'00:12:02'),

(5,13,3,'00:12:03'),

(5,13,4,'00:12:04'),

(5,14,1,'00:12:01'),

(5,14,2,'00:12:02'),

(5,14,3,'00:12:03'),

(5,14,4,'00:12:04'),

(5,15,1,'00:12:01'),

(5,15,2,'00:12:02'),

(5,15,3,'00:12:03'),

(5,15,4,'00:12:04'),

(5,16,1,'00:12:01'),

(5,16,2,'00:12:02'),

(5,16,3,'00:12:03'),

(5,16,4,'00:12:04'),

(5,17,1,'00:12:01'),

(5,17,2,'00:12:02'),

(5,17,3,'00:12:03'),

(5,17,4,'00:12:04'),

(5,18,1,'00:12:01'),

(5,18,2,'00:12:02'),

(5,18,3,'00:12:03'),

(5,18,4,'00:12:04'),

(5,19,1,'00:12:01'),

(5,19,2,'00:12:02'),

(5,19,3,'00:12:03'),

(5,19,4,'00:12:04'),

(5,20,1,'00:12:01'),

(5,20,2,'00:12:02'),

(5,20,3,'00:12:03'),

(5,20,4,'00:12:04'),

(5,21,1,'00:12:01'),

(5,21,2,'00:12:02'),

(5,21,3,'00:12:03'),

(5,21,4,'00:12:04'),

(5,22,1,'00:12:01'),

(5,22,2,'00:12:02'),

(5,22,3,'00:12:03'),

(5,22,4,'00:12:04'),

(5,23,1,'00:12:01'),

(5,23,2,'00:12:02'),

(5,23,3,'00:12:03'),

(5,23,4,'00:12:04'),

(5,24,1,'00:12:01'),

(5,24,2,'00:12:02'),

(5,24,3,'00:12:03'),

(5,24,4,'00:12:04'),

(5,25,1,'00:12:01'),

(5,25,2,'00:12:02'),

(5,25,3,'00:12:03'),

(5,25,4,'00:12:04'),

(5,26,1,'00:12:01'),

(5,26,2,'00:12:02'),

(5,26,3,'00:12:03'),

(5,26,4,'00:12:04'),

(5,27,1,'00:12:01'),

(5,27,2,'00:12:02'),

(5,27,3,'00:12:03'),

(5,27,4,'00:12:04'),

(5,28,1,'00:12:01'),

(5,28,2,'00:12:02'),

(5,28,3,'00:12:03'),

(5,28,4,'00:12:04'),

(5,29,1,'00:12:01'),

(5,29,2,'00:12:02'),

(5,29,3,'00:12:03'),

(5,29,4,'00:12:04'),

(5,30,1,'00:12:01'),

(5,30,2,'00:12:02'),

(5,30,3,'00:12:03'),

(5,30,4,'00:12:04'),

(5,31,1,'00:12:01'),

(5,31,2,'00:12:02'),

(5,31,3,'00:12:03'),

(5,31,4,'00:12:04'),

(5,32,1,'00:12:01'),

(5,32,2,'00:12:02'),

(5,32,3,'00:12:03'),

(5,32,4,'00:12:04'),

(5,33,1,'00:12:01'),

(5,33,2,'00:12:02'),

(5,33,3,'00:12:03'),

(5,33,4,'00:12:04'),

(5,34,1,'00:12:01'),

(5,34,2,'00:12:02'),

(5,34,3,'00:12:03'),

(5,34,4,'00:12:04'),

(5,35,1,'00:12:01'),

(5,35,2,'00:12:02'),

(5,35,3,'00:12:03'),

(5,35,4,'00:12:04'),

(5,36,1,'00:12:01'),

(5,36,2,'00:12:02'),

(5,36,3,'00:12:03'),

(5,36,4,'00:12:04'),

(5,37,1,'00:12:01'),

(5,37,2,'00:12:02'),

(5,37,3,'00:12:03'),

(5,37,4,'00:12:04'),

(5,38,1,'00:12:01'),

(5,38,2,'00:12:02'),

(5,38,3,'00:12:03'),

(5,38,4,'00:12:04'),

(5,39,1,'00:12:01'),

(5,39,2,'00:12:02'),

(5,39,3,'00:12:03'),

(5,39,4,'00:12:04'),

(5,40,1,'00:12:01'),

(5,40,2,'00:12:02'),

(5,40,3,'00:12:03'),

(5,40,4,'00:12:04'),

(5,41,1,'00:12:01'),

(5,41,2,'00:12:02'),

(5,41,3,'00:12:03'),

(5,41,4,'00:12:04'),

(5,42,1,'00:12:01'),

(5,42,2,'00:12:02'),

(5,42,3,'00:12:03'),

(5,42,4,'00:12:04'),

(5,43,1,'00:12:01'),

(5,43,2,'00:12:02'),

(5,43,3,'00:12:03'),

(5,43,4,'00:12:04'),

(5,44,1,'00:12:01'),

(5,44,2,'00:12:02'),

(5,44,3,'00:12:03'),

(5,44,4,'00:12:04'),

(5,45,1,'00:12:01'),

(5,45,2,'00:12:02'),

(5,45,3,'00:12:03'),

(5,45,4,'00:12:04'),

(5,46,1,'00:12:01'),

(5,46,2,'00:12:02'),

(5,46,3,'00:12:03'),

(5,46,4,'00:12:04'),

(5,47,1,'00:12:01'),

(5,47,2,'00:12:02'),

(5,47,3,'00:12:03'),

(5,47,4,'00:12:04'),

(5,48,1,'00:12:01'),

(5,48,2,'00:12:02'),

(5,48,3,'00:12:03'),

(5,48,4,'00:12:04'),

(5,49,1,'00:12:01'),

(5,49,2,'00:12:02'),

(5,49,3,'00:12:03'),

(5,49,4,'00:12:04'),

(5,50,1,'00:12:01'),

(5,50,2,'00:12:02'),

(5,50,3,'00:12:03'),

(5,50,4,'00:12:04'),

(5,51,1,'00:12:01'),

(5,51,2,'00:12:02'),

(5,51,3,'00:12:03'),

(5,51,4,'00:12:04'),

(5,52,1,'00:12:01'),

(5,52,2,'00:12:02'),

(5,52,3,'00:12:03'),

(5,52,4,'00:12:04'),

(5,53,1,'00:12:01'),

(5,53,2,'00:12:02'),

(5,53,3,'00:12:03'),

(5,53,4,'00:12:04'),

(5,54,1,'00:12:01'),

(5,54,2,'00:12:02'),

(5,54,3,'00:12:03'),

(5,54,4,'00:12:04'),

(5,55,1,'00:12:01'),

(5,55,2,'00:12:02'),

(5,55,3,'00:12:03'),

(5,55,4,'00:12:04'),

(5,56,1,'00:12:01'),

(5,56,2,'00:12:02'),

(5,56,3,'00:12:03'),

(5,56,4,'00:12:04'),

(5,57,1,'00:12:01'),

(5,57,2,'00:12:02'),

(5,57,3,'00:12:03'),

(5,57,4,'00:12:04'),

(5,58,1,'00:12:01'),

(5,58,2,'00:12:02'),

(5,58,3,'00:12:03'),

(5,58,4,'00:12:04'),

(5,59,1,'00:12:01'),

(5,59,2,'00:12:02'),

(5,59,3,'00:12:03'),

(5,59,4,'00:12:04'),

(5,60,1,'00:12:01'),

(5,60,2,'00:12:02'),

(5,60,3,'00:12:03'),

(5,60,4,'00:12:04'),

(5,61,1,'00:12:01'),

(5,61,2,'00:12:02'),

(5,61,3,'00:12:03'),

(5,61,4,'00:12:04'),

(5,62,1,'00:12:01'),

(5,62,2,'00:12:02'),

(5,62,3,'00:12:03'),

(5,62,4,'00:12:04'),

(5,63,1,'00:12:01'),

(5,63,2,'00:12:02'),

(5,63,3,'00:12:03'),

(5,63,4,'00:12:04'),

(5,64,1,'00:12:01'),

(5,64,2,'00:12:02'),

(5,64,3,'00:12:03'),

(5,64,4,'00:12:04'),

(5,65,1,'00:12:01'),

(5,65,2,'00:12:02'),

(5,65,3,'00:12:03'),

(5,65,4,'00:12:04'),

(5,66,1,'00:12:01'),

(5,66,2,'00:12:02'),

(5,66,3,'00:12:03'),

(5,66,4,'00:12:04'),

(5,67,1,'00:12:01'),

(5,67,2,'00:12:02'),

(5,67,3,'00:12:03'),

(5,67,4,'00:12:04'),

(5,68,1,'00:12:01'),

(5,68,2,'00:12:02'),

(5,68,3,'00:12:03'),

(5,68,4,'00:12:04'),

(5,69,1,'00:12:01'),

(5,69,2,'00:12:02'),

(5,69,3,'00:12:03'),

(5,69,4,'00:12:04'),

(5,70,1,'00:12:01'),

(5,70,2,'00:12:02'),

(5,70,3,'00:12:03'),

(5,70,4,'00:12:04'),

(5,71,1,'00:12:01'),

(5,71,2,'00:12:02'),

(5,71,3,'00:12:03'),

(5,71,4,'00:12:04'),

(5,72,1,'00:12:01'),

(5,72,2,'00:12:02'),

(5,72,3,'00:12:03'),

(5,72,4,'00:12:04'),

(5,73,1,'00:12:01'),

(5,73,2,'00:12:02'),

(5,73,3,'00:12:03'),

(5,73,4,'00:12:04'),

(5,74,1,'00:12:01'),

(5,74,2,'00:12:02'),

(5,74,3,'00:12:03'),

(5,74,4,'00:12:04'),

(5,75,1,'00:12:01'),

(5,75,2,'00:12:02'),

(5,75,3,'00:12:03'),

(5,75,4,'00:12:04'),

(5,76,1,'00:12:01'),

(5,76,2,'00:12:02'),

(5,76,3,'00:12:03'),

(5,76,4,'00:12:04'),

(5,77,1,'00:12:01'),

(5,77,2,'00:12:02'),

(5,77,3,'00:12:03'),

(5,77,4,'00:12:04'),

(5,78,1,'00:12:01'),

(5,78,2,'00:12:02'),

(5,78,3,'00:12:03'),

(5,78,4,'00:12:04'),

(5,79,1,'00:12:01'),

(5,79,2,'00:12:02'),

(5,79,3,'00:12:03'),

(5,79,4,'00:12:04'),

(5,80,1,'00:12:01'),

(5,80,2,'00:12:02'),

(5,80,3,'00:12:03'),

(5,80,4,'00:12:04'),

(5,81,1,'00:12:01'),

(5,81,2,'00:12:02'),

(5,81,3,'00:12:03'),

(5,81,4,'00:12:04'),

(5,82,1,'00:12:01'),

(5,82,2,'00:12:02'),

(5,82,3,'00:12:03'),

(5,82,4,'00:12:04'),

(5,83,1,'00:12:01'),

(5,83,2,'00:12:02'),

(5,83,3,'00:12:03'),

(5,83,4,'00:12:04'),

(5,84,1,'00:12:01'),

(5,84,2,'00:12:02'),

(5,84,3,'00:12:03'),

(5,84,4,'00:12:04'),

(5,85,1,'00:12:01'),

(5,85,2,'00:12:02'),

(5,85,3,'00:12:03'),

(5,85,4,'00:12:04'),

(5,86,1,'00:12:01'),

(5,86,2,'00:12:02'),

(5,86,3,'00:12:03'),

(5,86,4,'00:12:04'),

(5,87,1,'00:12:01'),

(5,87,2,'00:12:02'),

(5,87,3,'00:12:03'),

(5,87,4,'00:12:04'),

(5,88,1,'00:12:01'),

(5,88,2,'00:12:02'),

(5,88,3,'00:12:03'),

(5,88,4,'00:12:04'),

(5,89,1,'00:12:01'),

(5,89,2,'00:12:02'),

(5,89,3,'00:12:03'),

(5,89,4,'00:12:04'),

(5,90,1,'00:12:01'),

(5,90,2,'00:12:02'),

(5,90,3,'00:12:03'),

(5,90,4,'00:12:04'),

(6,1,1,'00:12:01'),

(6,1,2,'00:12:02'),

(6,1,3,'00:12:03'),

(6,1,4,'00:12:04'),

(6,2,1,'00:12:01'),

(6,2,2,'00:12:02'),

(6,2,3,'00:12:03'),

(6,2,4,'00:12:04'),

(6,3,1,'00:12:01'),

(6,3,2,'00:12:02'),

(6,3,3,'00:12:03'),

(6,3,4,'00:12:04'),

(6,4,1,'00:12:01'),

(6,4,2,'00:12:02'),

(6,4,3,'00:12:03'),

(6,4,4,'00:12:04'),

(6,5,1,'00:12:01'),

(6,5,2,'00:12:02'),

(6,5,3,'00:12:03'),

(6,5,4,'00:12:04'),

(6,6,1,'00:12:01'),

(6,6,2,'00:12:02'),

(6,6,3,'00:12:03'),

(6,6,4,'00:12:04'),

(6,7,1,'00:12:01'),

(6,7,2,'00:12:02'),

(6,7,3,'00:12:03'),

(6,7,4,'00:12:04'),

(6,8,1,'00:12:01'),

(6,8,2,'00:12:02'),

(6,8,3,'00:12:03'),

(6,8,4,'00:12:04'),

(6,9,1,'00:12:01'),

(6,9,2,'00:12:02'),

(6,9,3,'00:12:03'),

(6,9,4,'00:12:04'),

(6,10,1,'00:12:01'),

(6,10,2,'00:12:02'),

(6,10,3,'00:12:03'),

(6,10,4,'00:12:04'),

(6,11,1,'00:12:01'),

(6,11,2,'00:12:02'),

(6,11,3,'00:12:03'),

(6,11,4,'00:12:04'),

(6,12,1,'00:12:01'),

(6,12,2,'00:12:02'),

(6,12,3,'00:12:03'),

(6,12,4,'00:12:04'),

(6,13,1,'00:12:01'),

(6,13,2,'00:12:02'),

(6,13,3,'00:12:03'),

(6,13,4,'00:12:04'),

(6,14,1,'00:12:01'),

(6,14,2,'00:12:02'),

(6,14,3,'00:12:03'),

(6,14,4,'00:12:04'),

(6,15,1,'00:12:01'),

(6,15,2,'00:12:02'),

(6,15,3,'00:12:03'),

(6,15,4,'00:12:04'),

(6,16,1,'00:12:01'),

(6,16,2,'00:12:02'),

(6,16,3,'00:12:03'),

(6,16,4,'00:12:04'),

(6,17,1,'00:12:01'),

(6,17,2,'00:12:02'),

(6,17,3,'00:12:03'),

(6,17,4,'00:12:04'),

(6,18,1,'00:12:01'),

(6,18,2,'00:12:02'),

(6,18,3,'00:12:03'),

(6,18,4,'00:12:04'),

(6,19,1,'00:12:01'),

(6,19,2,'00:12:02'),

(6,19,3,'00:12:03'),

(6,19,4,'00:12:04'),

(6,20,1,'00:12:01'),

(6,20,2,'00:12:02'),

(6,20,3,'00:12:03'),

(6,20,4,'00:12:04'),

(6,21,1,'00:12:01'),

(6,21,2,'00:12:02'),

(6,21,3,'00:12:03'),

(6,21,4,'00:12:04'),

(6,22,1,'00:12:01'),

(6,22,2,'00:12:02'),

(6,22,3,'00:12:03'),

(6,22,4,'00:12:04'),

(6,23,1,'00:12:01'),

(6,23,2,'00:12:02'),

(6,23,3,'00:12:03'),

(6,23,4,'00:12:04'),

(6,24,1,'00:12:01'),

(6,24,2,'00:12:02'),

(6,24,3,'00:12:03'),

(6,24,4,'00:12:04'),

(6,25,1,'00:12:01'),

(6,25,2,'00:12:02'),

(6,25,3,'00:12:03'),

(6,25,4,'00:12:04'),

(6,26,1,'00:12:01'),

(6,26,2,'00:12:02'),

(6,26,3,'00:12:03'),

(6,26,4,'00:12:04'),

(6,27,1,'00:12:01'),

(6,27,2,'00:12:02'),

(6,27,3,'00:12:03'),

(6,27,4,'00:12:04'),

(6,28,1,'00:12:01'),

(6,28,2,'00:12:02'),

(6,28,3,'00:12:03'),

(6,28,4,'00:12:04'),

(6,29,1,'00:12:01'),

(6,29,2,'00:12:02'),

(6,29,3,'00:12:03'),

(6,29,4,'00:12:04'),

(6,30,1,'00:12:01'),

(6,30,2,'00:12:02'),

(6,30,3,'00:12:03'),

(6,30,4,'00:12:04'),

(6,31,1,'00:12:01'),

(6,31,2,'00:12:02'),

(6,31,3,'00:12:03'),

(6,31,4,'00:12:04'),

(6,32,1,'00:12:01'),

(6,32,2,'00:12:02'),

(6,32,3,'00:12:03'),

(6,32,4,'00:12:04'),

(6,33,1,'00:12:01'),

(6,33,2,'00:12:02'),

(6,33,3,'00:12:03'),

(6,33,4,'00:12:04'),

(6,34,1,'00:12:01'),

(6,34,2,'00:12:02'),

(6,34,3,'00:12:03'),

(6,34,4,'00:12:04'),

(6,35,1,'00:12:01'),

(6,35,2,'00:12:02'),

(6,35,3,'00:12:03'),

(6,35,4,'00:12:04'),

(6,36,1,'00:12:01'),

(6,36,2,'00:12:02'),

(6,36,3,'00:12:03'),

(6,36,4,'00:12:04'),

(6,37,1,'00:12:01'),

(6,37,2,'00:12:02'),

(6,37,3,'00:12:03'),

(6,37,4,'00:12:04'),

(6,38,1,'00:12:01'),

(6,38,2,'00:12:02'),

(6,38,3,'00:12:03'),

(6,38,4,'00:12:04'),

(6,39,1,'00:12:01'),

(6,39,2,'00:12:02'),

(6,39,3,'00:12:03'),

(6,39,4,'00:12:04'),

(6,40,1,'00:12:01'),

(6,40,2,'00:12:02'),

(6,40,3,'00:12:03'),

(6,40,4,'00:12:04'),

(6,41,1,'00:12:01'),

(6,41,2,'00:12:02'),

(6,41,3,'00:12:03'),

(6,41,4,'00:12:04'),

(6,42,1,'00:12:01'),

(6,42,2,'00:12:02'),

(6,42,3,'00:12:03'),

(6,42,4,'00:12:04'),

(6,43,1,'00:12:01'),

(6,43,2,'00:12:02'),

(6,43,3,'00:12:03'),

(6,43,4,'00:12:04'),

(6,44,1,'00:12:01'),

(6,44,2,'00:12:02'),

(6,44,3,'00:12:03'),

(6,44,4,'00:12:04'),

(6,45,1,'00:12:01'),

(6,45,2,'00:12:02'),

(6,45,3,'00:12:03'),

(6,45,4,'00:12:04'),

(6,46,1,'00:12:01'),

(6,46,2,'00:12:02'),

(6,46,3,'00:12:03'),

(6,46,4,'00:12:04'),

(6,47,1,'00:12:01'),

(6,47,2,'00:12:02'),

(6,47,3,'00:12:03'),

(6,47,4,'00:12:04'),

(6,48,1,'00:12:01'),

(6,48,2,'00:12:02'),

(6,48,3,'00:12:03'),

(6,48,4,'00:12:04'),

(6,49,1,'00:12:01'),

(6,49,2,'00:12:02'),

(6,49,3,'00:12:03'),

(6,49,4,'00:12:04'),

(6,50,1,'00:12:01'),

(6,50,2,'00:12:02'),

(6,50,3,'00:12:03'),

(6,50,4,'00:12:04'),

(6,51,1,'00:12:01'),

(6,51,2,'00:12:02'),

(6,51,3,'00:12:03'),

(6,51,4,'00:12:04'),

(6,52,1,'00:12:01'),

(6,52,2,'00:12:02'),

(6,52,3,'00:12:03'),

(6,52,4,'00:12:04'),

(6,53,1,'00:12:01'),

(6,53,2,'00:12:02'),

(6,53,3,'00:12:03'),

(6,53,4,'00:12:04'),

(6,54,1,'00:12:01'),

(6,54,2,'00:12:02'),

(6,54,3,'00:12:03'),

(6,54,4,'00:12:04'),

(6,55,1,'00:12:01'),

(6,55,2,'00:12:02'),

(6,55,3,'00:12:03'),

(6,55,4,'00:12:04'),

(6,56,1,'00:12:01'),

(6,56,2,'00:12:02'),

(6,56,3,'00:12:03'),

(6,56,4,'00:12:04'),

(6,57,1,'00:12:01'),

(6,57,2,'00:12:02'),

(6,57,3,'00:12:03'),

(6,57,4,'00:12:04'),

(6,58,1,'00:12:01'),

(6,58,2,'00:12:02'),

(6,58,3,'00:12:03'),

(6,58,4,'00:12:04'),

(6,59,1,'00:12:01'),

(6,59,2,'00:12:02'),

(6,59,3,'00:12:03'),

(6,59,4,'00:12:04'),

(6,60,1,'00:12:01'),

(6,60,2,'00:12:02'),

(6,60,3,'00:12:03'),

(6,60,4,'00:12:04'),

(6,61,1,'00:12:01'),

(6,61,2,'00:12:02'),

(6,61,3,'00:12:03'),

(6,61,4,'00:12:04'),

(6,62,1,'00:12:01'),

(6,62,2,'00:12:02'),

(6,62,3,'00:12:03'),

(6,62,4,'00:12:04'),

(6,63,1,'00:12:01'),

(6,63,2,'00:12:02'),

(6,63,3,'00:12:03'),

(6,63,4,'00:12:04'),

(6,64,1,'00:12:01'),

(6,64,2,'00:12:02'),

(6,64,3,'00:12:03'),

(6,64,4,'00:12:04'),

(6,65,1,'00:12:01'),

(6,65,2,'00:12:02'),

(6,65,3,'00:12:03'),

(6,65,4,'00:12:04'),

(6,66,1,'00:12:01'),

(6,66,2,'00:12:02'),

(6,66,3,'00:12:03'),

(6,66,4,'00:12:04'),

(6,67,1,'00:12:01'),

(6,67,2,'00:12:02'),

(6,67,3,'00:12:03'),

(6,67,4,'00:12:04'),

(6,68,1,'00:12:01'),

(6,68,2,'00:12:02'),

(6,68,3,'00:12:03'),

(6,68,4,'00:12:04'),

(6,69,1,'00:12:01'),

(6,69,2,'00:12:02'),

(6,69,3,'00:12:03'),

(6,69,4,'00:12:04'),

(6,70,1,'00:12:01'),

(6,70,2,'00:12:02'),

(6,70,3,'00:12:03'),

(6,70,4,'00:12:04'),

(6,71,1,'00:12:01'),

(6,71,2,'00:12:02'),

(6,71,3,'00:12:03'),

(6,71,4,'00:12:04'),

(6,72,1,'00:12:01'),

(6,72,2,'00:12:02'),

(6,72,3,'00:12:03'),

(6,72,4,'00:12:04'),

(6,73,1,'00:12:01'),

(6,73,2,'00:12:02'),

(6,73,3,'00:12:03'),

(6,73,4,'00:12:04'),

(6,74,1,'00:12:01'),

(6,74,2,'00:12:02'),

(6,74,3,'00:12:03'),

(6,74,4,'00:12:04'),

(6,75,1,'00:12:01'),

(6,75,2,'00:12:02'),

(6,75,3,'00:12:03'),

(6,75,4,'00:12:04'),

(6,76,1,'00:12:01'),

(6,76,2,'00:12:02'),

(6,76,3,'00:12:03'),

(6,76,4,'00:12:04'),

(6,77,1,'00:12:01'),

(6,77,2,'00:12:02'),

(6,77,3,'00:12:03'),

(6,77,4,'00:12:04'),

(6,78,1,'00:12:01'),

(6,78,2,'00:12:02'),

(6,78,3,'00:12:03'),

(6,78,4,'00:12:04'),

(6,79,1,'00:12:01'),

(6,79,2,'00:12:02'),

(6,79,3,'00:12:03'),

(6,79,4,'00:12:04'),

(6,80,1,'00:12:01'),

(6,80,2,'00:12:02'),

(6,80,3,'00:12:03'),

(6,80,4,'00:12:04'),

(6,81,1,'00:12:01'),

(6,81,2,'00:12:02'),

(6,81,3,'00:12:03'),

(6,81,4,'00:12:04'),

(6,82,1,'00:12:01'),

(6,82,2,'00:12:02'),

(6,82,3,'00:12:03'),

(6,82,4,'00:12:04'),

(6,83,1,'00:12:01'),

(6,83,2,'00:12:02'),

(6,83,3,'00:12:03'),

(6,83,4,'00:12:04'),

(6,84,1,'00:12:01'),

(6,84,2,'00:12:02'),

(6,84,3,'00:12:03'),

(6,84,4,'00:12:04'),

(6,85,1,'00:12:01'),

(6,85,2,'00:12:02'),

(6,85,3,'00:12:03'),

(6,85,4,'00:12:04'),

(6,86,1,'00:12:01'),

(6,86,2,'00:12:02'),

(6,86,3,'00:12:03'),

(6,86,4,'00:12:04'),

(6,87,1,'00:12:01'),

(6,87,2,'00:12:02'),

(6,87,3,'00:12:03'),

(6,87,4,'00:12:04'),

(6,88,1,'00:12:01'),

(6,88,2,'00:12:02'),

(6,88,3,'00:12:03'),

(6,88,4,'00:12:04'),

(6,89,1,'00:12:01'),

(6,89,2,'00:12:02'),

(6,89,3,'00:12:03'),

(6,89,4,'00:12:04'),

(6,90,1,'00:12:01'),

(6,90,2,'00:12:02'),

(6,90,3,'00:12:03'),

(6,90,4,'00:12:04'),

(7,1,1,'00:12:01'),

(7,1,2,'00:12:02'),

(7,1,3,'00:12:03'),

(7,1,4,'00:12:04'),

(7,2,1,'00:12:01'),

(7,2,2,'00:12:02'),

(7,2,3,'00:12:03'),

(7,2,4,'00:12:04'),

(7,3,1,'00:12:01'),

(7,3,2,'00:12:02'),

(7,3,3,'00:12:03'),

(7,3,4,'00:12:04'),

(7,4,1,'00:12:01'),

(7,4,2,'00:12:02'),

(7,4,3,'00:12:03'),

(7,4,4,'00:12:04'),

(7,5,1,'00:12:01'),

(7,5,2,'00:12:02'),

(7,5,3,'00:12:03'),

(7,5,4,'00:12:04'),

(7,6,1,'00:12:01'),

(7,6,2,'00:12:02'),

(7,6,3,'00:12:03'),

(7,6,4,'00:12:04'),

(7,7,1,'00:12:01'),

(7,7,2,'00:12:02'),

(7,7,3,'00:12:03'),

(7,7,4,'00:12:04'),

(7,8,1,'00:12:01'),

(7,8,2,'00:12:02'),

(7,8,3,'00:12:03'),

(7,8,4,'00:12:04'),

(7,9,1,'00:12:01'),

(7,9,2,'00:12:02'),

(7,9,3,'00:12:03'),

(7,9,4,'00:12:04'),

(7,10,1,'00:12:01'),

(7,10,2,'00:12:02'),

(7,10,3,'00:12:03'),

(7,10,4,'00:12:04'),

(7,11,1,'00:12:01'),

(7,11,2,'00:12:02'),

(7,11,3,'00:12:03'),

(7,11,4,'00:12:04'),

(7,12,1,'00:12:01'),

(7,12,2,'00:12:02'),

(7,12,3,'00:12:03'),

(7,12,4,'00:12:04'),

(7,13,1,'00:12:01'),

(7,13,2,'00:12:02'),

(7,13,3,'00:12:03'),

(7,13,4,'00:12:04'),

(7,14,1,'00:12:01'),

(7,14,2,'00:12:02'),

(7,14,3,'00:12:03'),

(7,14,4,'00:12:04'),

(7,15,1,'00:12:01'),

(7,15,2,'00:12:02'),

(7,15,3,'00:12:03'),

(7,15,4,'00:12:04'),

(7,16,1,'00:12:01'),

(7,16,2,'00:12:02'),

(7,16,3,'00:12:03'),

(7,16,4,'00:12:04'),

(7,17,1,'00:12:01'),

(7,17,2,'00:12:02'),

(7,17,3,'00:12:03'),

(7,17,4,'00:12:04'),

(7,18,1,'00:12:01'),

(7,18,2,'00:12:02'),

(7,18,3,'00:12:03'),

(7,18,4,'00:12:04'),

(7,19,1,'00:12:01'),

(7,19,2,'00:12:02'),

(7,19,3,'00:12:03'),

(7,19,4,'00:12:04'),

(7,20,1,'00:12:01'),

(7,20,2,'00:12:02'),

(7,20,3,'00:12:03'),

(7,20,4,'00:12:04'),

(7,21,1,'00:12:01'),

(7,21,2,'00:12:02'),

(7,21,3,'00:12:03'),

(7,21,4,'00:12:04'),

(7,22,1,'00:12:01'),

(7,22,2,'00:12:02'),

(7,22,3,'00:12:03'),

(7,22,4,'00:12:04'),

(7,23,1,'00:12:01'),

(7,23,2,'00:12:02'),

(7,23,3,'00:12:03'),

(7,23,4,'00:12:04'),

(7,24,1,'00:12:01'),

(7,24,2,'00:12:02'),

(7,24,3,'00:12:03'),

(7,24,4,'00:12:04'),

(7,25,1,'00:12:01'),

(7,25,2,'00:12:02'),

(7,25,3,'00:12:03'),

(7,25,4,'00:12:04'),

(7,26,1,'00:12:01'),

(7,26,2,'00:12:02'),

(7,26,3,'00:12:03'),

(7,26,4,'00:12:04'),

(7,27,1,'00:12:01'),

(7,27,2,'00:12:02'),

(7,27,3,'00:12:03'),

(7,27,4,'00:12:04'),

(7,28,1,'00:12:01'),

(7,28,2,'00:12:02'),

(7,28,3,'00:12:03'),

(7,28,4,'00:12:04'),

(7,29,1,'00:12:01'),

(7,29,2,'00:12:02'),

(7,29,3,'00:12:03'),

(7,29,4,'00:12:04'),

(7,30,1,'00:12:01'),

(7,30,2,'00:12:02'),

(7,30,3,'00:12:03'),

(7,30,4,'00:12:04'),

(7,31,1,'00:12:01'),

(7,31,2,'00:12:02'),

(7,31,3,'00:12:03'),

(7,31,4,'00:12:04'),

(7,32,1,'00:12:01'),

(7,32,2,'00:12:02'),

(7,32,3,'00:12:03'),

(7,32,4,'00:12:04'),

(7,33,1,'00:12:01'),

(7,33,2,'00:12:02'),

(7,33,3,'00:12:03'),

(7,33,4,'00:12:04'),

(7,34,1,'00:12:01'),

(7,34,2,'00:12:02'),

(7,34,3,'00:12:03'),

(7,34,4,'00:12:04'),

(7,35,1,'00:12:01'),

(7,35,2,'00:12:02'),

(7,35,3,'00:12:03'),

(7,35,4,'00:12:04'),

(7,36,1,'00:12:01'),

(7,36,2,'00:12:02'),

(7,36,3,'00:12:03'),

(7,36,4,'00:12:04'),

(7,37,1,'00:12:01'),

(7,37,2,'00:12:02'),

(7,37,3,'00:12:03'),

(7,37,4,'00:12:04'),

(7,38,1,'00:12:01'),

(7,38,2,'00:12:02'),

(7,38,3,'00:12:03'),

(7,38,4,'00:12:04'),

(7,39,1,'00:12:01'),

(7,39,2,'00:12:02'),

(7,39,3,'00:12:03'),

(7,39,4,'00:12:04'),

(7,40,1,'00:12:01'),

(7,40,2,'00:12:02'),

(7,40,3,'00:12:03'),

(7,40,4,'00:12:04'),

(7,41,1,'00:12:01'),

(7,41,2,'00:12:02'),

(7,41,3,'00:12:03'),

(7,41,4,'00:12:04'),

(7,42,1,'00:12:01'),

(7,42,2,'00:12:02'),

(7,42,3,'00:12:03'),

(7,42,4,'00:12:04'),

(7,43,1,'00:12:01'),

(7,43,2,'00:12:02'),

(7,43,3,'00:12:03'),

(7,43,4,'00:12:04'),

(7,44,1,'00:12:01'),

(7,44,2,'00:12:02'),

(7,44,3,'00:12:03'),

(7,44,4,'00:12:04'),

(7,45,1,'00:12:01'),

(7,45,2,'00:12:02'),

(7,45,3,'00:12:03'),

(7,45,4,'00:12:04'),

(7,46,1,'00:12:01'),

(7,46,2,'00:12:02'),

(7,46,3,'00:12:03'),

(7,46,4,'00:12:04'),

(7,47,1,'00:12:01'),

(7,47,2,'00:12:02'),

(7,47,3,'00:12:03'),

(7,47,4,'00:12:04'),

(7,48,1,'00:12:01'),

(7,48,2,'00:12:02'),

(7,48,3,'00:12:03'),

(7,48,4,'00:12:04'),

(7,49,1,'00:12:01'),

(7,49,2,'00:12:02'),

(7,49,3,'00:12:03'),

(7,49,4,'00:12:04'),

(7,50,1,'00:12:01'),

(7,50,2,'00:12:02'),

(7,50,3,'00:12:03'),

(7,50,4,'00:12:04'),

(7,51,1,'00:12:01'),

(7,51,2,'00:12:02'),

(7,51,3,'00:12:03'),

(7,51,4,'00:12:04'),

(7,52,1,'00:12:01'),

(7,52,2,'00:12:02'),

(7,52,3,'00:12:03'),

(7,52,4,'00:12:04'),

(7,53,1,'00:12:01'),

(7,53,2,'00:12:02'),

(7,53,3,'00:12:03'),

(7,53,4,'00:12:04'),

(7,54,1,'00:12:01'),

(7,54,2,'00:12:02'),

(7,54,3,'00:12:03'),

(7,54,4,'00:12:04'),

(7,55,1,'00:12:01'),

(7,55,2,'00:12:02'),

(7,55,3,'00:12:03'),

(7,55,4,'00:12:04'),

(7,56,1,'00:12:01'),

(7,56,2,'00:12:02'),

(7,56,3,'00:12:03'),

(7,56,4,'00:12:04'),

(7,57,1,'00:12:01'),

(7,57,2,'00:12:02'),

(7,57,3,'00:12:03'),

(7,57,4,'00:12:04'),

(7,58,1,'00:12:01'),

(7,58,2,'00:12:02'),

(7,58,3,'00:12:03'),

(7,58,4,'00:12:04'),

(7,59,1,'00:12:01'),

(7,59,2,'00:12:02'),

(7,59,3,'00:12:03'),

(7,59,4,'00:12:04'),

(7,60,1,'00:12:01'),

(7,60,2,'00:12:02'),

(7,60,3,'00:12:03'),

(7,60,4,'00:12:04'),

(7,61,1,'00:12:01'),

(7,61,2,'00:12:02'),

(7,61,3,'00:12:03'),

(7,61,4,'00:12:04'),

(7,62,1,'00:12:01'),

(7,62,2,'00:12:02'),

(7,62,3,'00:12:03'),

(7,62,4,'00:12:04'),

(7,63,1,'00:12:01'),

(7,63,2,'00:12:02'),

(7,63,3,'00:12:03'),

(7,63,4,'00:12:04'),

(7,64,1,'00:12:01'),

(7,64,2,'00:12:02'),

(7,64,3,'00:12:03'),

(7,64,4,'00:12:04'),

(7,65,1,'00:12:01'),

(7,65,2,'00:12:02'),

(7,65,3,'00:12:03'),

(7,65,4,'00:12:04'),

(7,66,1,'00:12:01'),

(7,66,2,'00:12:02'),

(7,66,3,'00:12:03'),

(7,66,4,'00:12:04'),

(7,67,1,'00:12:01'),

(7,67,2,'00:12:02'),

(7,67,3,'00:12:03'),

(7,67,4,'00:12:04'),

(7,68,1,'00:12:01'),

(7,68,2,'00:12:02'),

(7,68,3,'00:12:03'),

(7,68,4,'00:12:04'),

(7,69,1,'00:12:01'),

(7,69,2,'00:12:02'),

(7,69,3,'00:12:03'),

(7,69,4,'00:12:04'),

(7,70,1,'00:12:01'),

(7,70,2,'00:12:02'),

(7,70,3,'00:12:03'),

(7,70,4,'00:12:04'),

(7,71,1,'00:12:01'),

(7,71,2,'00:12:02'),

(7,71,3,'00:12:03'),

(7,71,4,'00:12:04'),

(7,72,1,'00:12:01'),

(7,72,2,'00:12:02'),

(7,72,3,'00:12:03'),

(7,72,4,'00:12:04'),

(7,73,1,'00:12:01'),

(7,73,2,'00:12:02'),

(7,73,3,'00:12:03'),

(7,73,4,'00:12:04'),

(7,74,1,'00:12:01'),

(7,74,2,'00:12:02'),

(7,74,3,'00:12:03'),

(7,74,4,'00:12:04'),

(7,75,1,'00:12:01'),

(7,75,2,'00:12:02'),

(7,75,3,'00:12:03'),

(7,75,4,'00:12:04'),

(7,76,1,'00:12:01'),

(7,76,2,'00:12:02'),

(7,76,3,'00:12:03'),

(7,76,4,'00:12:04'),

(7,77,1,'00:12:01'),

(7,77,2,'00:12:02'),

(7,77,3,'00:12:03'),

(7,77,4,'00:12:04'),

(7,78,1,'00:12:01'),

(7,78,2,'00:12:02'),

(7,78,3,'00:12:03'),

(7,78,4,'00:12:04'),

(7,79,1,'00:12:01'),

(7,79,2,'00:12:02'),

(7,79,3,'00:12:03'),

(7,79,4,'00:12:04'),

(7,80,1,'00:12:01'),

(7,80,2,'00:12:02'),

(7,80,3,'00:12:03'),

(7,80,4,'00:12:04'),

(7,81,1,'00:12:01'),

(7,81,2,'00:12:02'),

(7,81,3,'00:12:03'),

(7,81,4,'00:12:04'),

(7,82,1,'00:12:01'),

(7,82,2,'00:12:02'),

(7,82,3,'00:12:03'),

(7,82,4,'00:12:04'),

(7,83,1,'00:12:01'),

(7,83,2,'00:12:02'),

(7,83,3,'00:12:03'),

(7,83,4,'00:12:04'),

(7,84,1,'00:12:01'),

(7,84,2,'00:12:02'),

(7,84,3,'00:12:03'),

(7,84,4,'00:12:04'),

(7,85,1,'00:12:01'),

(7,85,2,'00:12:02'),

(7,85,3,'00:12:03'),

(7,85,4,'00:12:04'),

(7,86,1,'00:12:01'),

(7,86,2,'00:12:02'),

(7,86,3,'00:12:03'),

(7,86,4,'00:12:04'),

(7,87,1,'00:12:01'),

(7,87,2,'00:12:02'),

(7,87,3,'00:12:03'),

(7,87,4,'00:12:04'),

(7,88,1,'00:12:01'),

(7,88,2,'00:12:02'),

(7,88,3,'00:12:03'),

(7,88,4,'00:12:04'),

(7,89,1,'00:12:01'),

(7,89,2,'00:12:02'),

(7,89,3,'00:12:03'),

(7,89,4,'00:12:04'),

(7,90,1,'00:12:01'),

(7,90,2,'00:12:02'),

(7,90,3,'00:12:03'),

(7,90,4,'00:12:04'),

(8,1,1,'00:12:01'),

(8,1,2,'00:12:02'),

(8,1,3,'00:12:03'),

(8,1,4,'00:12:04'),

(8,2,1,'00:12:01'),

(8,2,2,'00:12:02'),

(8,2,3,'00:12:03'),

(8,2,4,'00:12:04'),

(8,3,1,'00:12:01'),

(8,3,2,'00:12:02'),

(8,3,3,'00:12:03'),

(8,3,4,'00:12:04'),

(8,4,1,'00:12:01'),

(8,4,2,'00:12:02'),

(8,4,3,'00:12:03'),

(8,4,4,'00:12:04'),

(8,5,1,'00:12:01'),

(8,5,2,'00:12:02'),

(8,5,3,'00:12:03'),

(8,5,4,'00:12:04'),

(8,6,1,'00:12:01'),

(8,6,2,'00:12:02'),

(8,6,3,'00:12:03'),

(8,6,4,'00:12:04'),

(8,7,1,'00:12:01'),

(8,7,2,'00:12:02'),

(8,7,3,'00:12:03'),

(8,7,4,'00:12:04'),

(8,8,1,'00:12:01'),

(8,8,2,'00:12:02'),

(8,8,3,'00:12:03'),

(8,8,4,'00:12:04'),

(8,9,1,'00:12:01'),

(8,9,2,'00:12:02'),

(8,9,3,'00:12:03'),

(8,9,4,'00:12:04'),

(8,10,1,'00:12:01'),

(8,10,2,'00:12:02'),

(8,10,3,'00:12:03'),

(8,10,4,'00:12:04'),

(8,11,1,'00:12:01'),

(8,11,2,'00:12:02'),

(8,11,3,'00:12:03'),

(8,11,4,'00:12:04'),

(8,12,1,'00:12:01'),

(8,12,2,'00:12:02'),

(8,12,3,'00:12:03'),

(8,12,4,'00:12:04'),

(8,13,1,'00:12:01'),

(8,13,2,'00:12:02'),

(8,13,3,'00:12:03'),

(8,13,4,'00:12:04'),

(8,14,1,'00:12:01'),

(8,14,2,'00:12:02'),

(8,14,3,'00:12:03'),

(8,14,4,'00:12:04'),

(8,15,1,'00:12:01'),

(8,15,2,'00:12:02'),

(8,15,3,'00:12:03'),

(8,15,4,'00:12:04'),

(8,16,1,'00:12:01'),

(8,16,2,'00:12:02'),

(8,16,3,'00:12:03'),

(8,16,4,'00:12:04'),

(8,17,1,'00:12:01'),

(8,17,2,'00:12:02'),

(8,17,3,'00:12:03'),

(8,17,4,'00:12:04'),

(8,18,1,'00:12:01'),

(8,18,2,'00:12:02'),

(8,18,3,'00:12:03'),

(8,18,4,'00:12:04'),

(8,19,1,'00:12:01'),

(8,19,2,'00:12:02'),

(8,19,3,'00:12:03'),

(8,19,4,'00:12:04'),

(8,20,1,'00:12:01'),

(8,20,2,'00:12:02'),

(8,20,3,'00:12:03'),

(8,20,4,'00:12:04'),

(8,21,1,'00:12:01'),

(8,21,2,'00:12:02'),

(8,21,3,'00:12:03'),

(8,21,4,'00:12:04'),

(8,22,1,'00:12:01'),

(8,22,2,'00:12:02'),

(8,22,3,'00:12:03'),

(8,22,4,'00:12:04'),

(8,23,1,'00:12:01'),

(8,23,2,'00:12:02'),

(8,23,3,'00:12:03'),

(8,23,4,'00:12:04'),

(8,24,1,'00:12:01'),

(8,24,2,'00:12:02'),

(8,24,3,'00:12:03'),

(8,24,4,'00:12:04'),

(8,25,1,'00:12:01'),

(8,25,2,'00:12:02'),

(8,25,3,'00:12:03'),

(8,25,4,'00:12:04'),

(8,26,1,'00:12:01'),

(8,26,2,'00:12:02'),

(8,26,3,'00:12:03'),

(8,26,4,'00:12:04'),

(8,27,1,'00:12:01'),

(8,27,2,'00:12:02'),

(8,27,3,'00:12:03'),

(8,27,4,'00:12:04'),

(8,28,1,'00:12:01'),

(8,28,2,'00:12:02'),

(8,28,3,'00:12:03'),

(8,28,4,'00:12:04'),

(8,29,1,'00:12:01'),

(8,29,2,'00:12:02'),

(8,29,3,'00:12:03'),

(8,29,4,'00:12:04'),

(8,30,1,'00:12:01'),

(8,30,2,'00:12:02'),

(8,30,3,'00:12:03'),

(8,30,4,'00:12:04'),

(8,31,1,'00:12:01'),

(8,31,2,'00:12:02'),

(8,31,3,'00:12:03'),

(8,31,4,'00:12:04'),

(8,32,1,'00:12:01'),

(8,32,2,'00:12:02'),

(8,32,3,'00:12:03'),

(8,32,4,'00:12:04'),

(8,33,1,'00:12:01'),

(8,33,2,'00:12:02'),

(8,33,3,'00:12:03'),

(8,33,4,'00:12:04'),

(8,34,1,'00:12:01'),

(8,34,2,'00:12:02'),

(8,34,3,'00:12:03'),

(8,34,4,'00:12:04'),

(8,35,1,'00:12:01'),

(8,35,2,'00:12:02'),

(8,35,3,'00:12:03'),

(8,35,4,'00:12:04'),

(8,36,1,'00:12:01'),

(8,36,2,'00:12:02'),

(8,36,3,'00:12:03'),

(8,36,4,'00:12:04'),

(8,37,1,'00:12:01'),

(8,37,2,'00:12:02'),

(8,37,3,'00:12:03'),

(8,37,4,'00:12:04'),

(8,38,1,'00:12:01'),

(8,38,2,'00:12:02'),

(8,38,3,'00:12:03'),

(8,38,4,'00:12:04'),

(8,39,1,'00:12:01'),

(8,39,2,'00:12:02'),

(8,39,3,'00:12:03'),

(8,39,4,'00:12:04'),

(8,40,1,'00:12:01'),

(8,40,2,'00:12:02'),

(8,40,3,'00:12:03'),

(8,40,4,'00:12:04'),

(8,41,1,'00:12:01'),

(8,41,2,'00:12:02'),

(8,41,3,'00:12:03'),

(8,41,4,'00:12:04'),

(8,42,1,'00:12:01'),

(8,42,2,'00:12:02'),

(8,42,3,'00:12:03'),

(8,42,4,'00:12:04'),

(8,43,1,'00:12:01'),

(8,43,2,'00:12:02'),

(8,43,3,'00:12:03'),

(8,43,4,'00:12:04'),

(8,44,1,'00:12:01'),

(8,44,2,'00:12:02'),

(8,44,3,'00:12:03'),

(8,44,4,'00:12:04'),

(8,45,1,'00:12:01'),

(8,45,2,'00:12:02'),

(8,45,3,'00:12:03'),

(8,45,4,'00:12:04'),

(8,46,1,'00:12:01'),

(8,46,2,'00:12:02'),

(8,46,3,'00:12:03'),

(8,46,4,'00:12:04'),

(8,47,1,'00:12:01'),

(8,47,2,'00:12:02'),

(8,47,3,'00:12:03'),

(8,47,4,'00:12:04'),

(8,48,1,'00:12:01'),

(8,48,2,'00:12:02'),

(8,48,3,'00:12:03'),

(8,48,4,'00:12:04'),

(8,49,1,'00:12:01'),

(8,49,2,'00:12:02'),

(8,49,3,'00:12:03'),

(8,49,4,'00:12:04'),

(8,50,1,'00:12:01'),

(8,50,2,'00:12:02'),

(8,50,3,'00:12:03'),

(8,50,4,'00:12:04'),

(8,51,1,'00:12:01'),

(8,51,2,'00:12:02'),

(8,51,3,'00:12:03'),

(8,51,4,'00:12:04'),

(8,52,1,'00:12:01'),

(8,52,2,'00:12:02'),

(8,52,3,'00:12:03'),

(8,52,4,'00:12:04'),

(8,53,1,'00:12:01'),

(8,53,2,'00:12:02'),

(8,53,3,'00:12:03'),

(8,53,4,'00:12:04'),

(8,54,1,'00:12:01'),

(8,54,2,'00:12:02'),

(8,54,3,'00:12:03'),

(8,54,4,'00:12:04'),

(8,55,1,'00:12:01'),

(8,55,2,'00:12:02'),

(8,55,3,'00:12:03'),

(8,55,4,'00:12:04'),

(8,56,1,'00:12:01'),

(8,56,2,'00:12:02'),

(8,56,3,'00:12:03'),

(8,56,4,'00:12:04'),

(8,57,1,'00:12:01'),

(8,57,2,'00:12:02'),

(8,57,3,'00:12:03'),

(8,57,4,'00:12:04'),

(8,58,1,'00:12:01'),

(8,58,2,'00:12:02'),

(8,58,3,'00:12:03'),

(8,58,4,'00:12:04'),

(8,59,1,'00:12:01'),

(8,59,2,'00:12:02'),

(8,59,3,'00:12:03'),

(8,59,4,'00:12:04'),

(8,60,1,'00:12:01'),

(8,60,2,'00:12:02'),

(8,60,3,'00:12:03'),

(8,60,4,'00:12:04'),

(8,61,1,'00:12:01'),

(8,61,2,'00:12:02'),

(8,61,3,'00:12:03'),

(8,61,4,'00:12:04'),

(8,62,1,'00:12:01'),

(8,62,2,'00:12:02'),

(8,62,3,'00:12:03'),

(8,62,4,'00:12:04'),

(8,63,1,'00:12:01'),

(8,63,2,'00:12:02'),

(8,63,3,'00:12:03'),

(8,63,4,'00:12:04'),

(8,64,1,'00:12:01'),

(8,64,2,'00:12:02'),

(8,64,3,'00:12:03'),

(8,64,4,'00:12:04'),

(8,65,1,'00:12:01'),

(8,65,2,'00:12:02'),

(8,65,3,'00:12:03'),

(8,65,4,'00:12:04'),

(8,66,1,'00:12:01'),

(8,66,2,'00:12:02'),

(8,66,3,'00:12:03'),

(8,66,4,'00:12:04'),

(8,67,1,'00:12:01'),

(8,67,2,'00:12:02'),

(8,67,3,'00:12:03'),

(8,67,4,'00:12:04'),

(8,68,1,'00:12:01'),

(8,68,2,'00:12:02'),

(8,68,3,'00:12:03'),

(8,68,4,'00:12:04'),

(8,69,1,'00:12:01'),

(8,69,2,'00:12:02'),

(8,69,3,'00:12:03'),

(8,69,4,'00:12:04'),

(8,70,1,'00:12:01'),

(8,70,2,'00:12:02'),

(8,70,3,'00:12:03'),

(8,70,4,'00:12:04'),

(8,71,1,'00:12:01'),

(8,71,2,'00:12:02'),

(8,71,3,'00:12:03'),

(8,71,4,'00:12:04'),

(8,72,1,'00:12:01'),

(8,72,2,'00:12:02'),

(8,72,3,'00:12:03'),

(8,72,4,'00:12:04'),

(8,73,1,'00:12:01'),

(8,73,2,'00:12:02'),

(8,73,3,'00:12:03'),

(8,73,4,'00:12:04'),

(8,74,1,'00:12:01'),

(8,74,2,'00:12:02'),

(8,74,3,'00:12:03'),

(8,74,4,'00:12:04'),

(8,75,1,'00:12:01'),

(8,75,2,'00:12:02'),

(8,75,3,'00:12:03'),

(8,75,4,'00:12:04'),

(8,76,1,'00:12:01'),

(8,76,2,'00:12:02'),

(8,76,3,'00:12:03'),

(8,76,4,'00:12:04'),

(8,77,1,'00:12:01'),

(8,77,2,'00:12:02'),

(8,77,3,'00:12:03'),

(8,77,4,'00:12:04'),

(8,78,1,'00:12:01'),

(8,78,2,'00:12:02'),

(8,78,3,'00:12:03'),

(8,78,4,'00:12:04'),

(8,79,1,'00:12:01'),

(8,79,2,'00:12:02'),

(8,79,3,'00:12:03'),

(8,79,4,'00:12:04'),

(8,80,1,'00:12:01'),

(8,80,2,'00:12:02'),

(8,80,3,'00:12:03'),

(8,80,4,'00:12:04'),

(8,81,1,'00:12:01'),

(8,81,2,'00:12:02'),

(8,81,3,'00:12:03'),

(8,81,4,'00:12:04'),

(8,82,1,'00:12:01'),

(8,82,2,'00:12:02'),

(8,82,3,'00:12:03'),

(8,82,4,'00:12:04'),

(8,83,1,'00:12:01'),

(8,83,2,'00:12:02'),

(8,83,3,'00:12:03'),

(8,83,4,'00:12:04'),

(8,84,1,'00:12:01'),

(8,84,2,'00:12:02'),

(8,84,3,'00:12:03'),

(8,84,4,'00:12:04'),

(8,85,1,'00:12:01'),

(8,85,2,'00:12:02'),

(8,85,3,'00:12:03'),

(8,85,4,'00:12:04'),

(8,86,1,'00:12:01'),

(8,86,2,'00:12:02'),

(8,86,3,'00:12:03'),

(8,86,4,'00:12:04'),

(8,87,1,'00:12:01'),

(8,87,2,'00:12:02'),

(8,87,3,'00:12:03'),

(8,87,4,'00:12:04'),

(8,88,1,'00:12:01'),

(8,88,2,'00:12:02'),

(8,88,3,'00:12:03'),

(8,88,4,'00:12:04'),

(8,89,1,'00:12:01'),

(8,89,2,'00:12:02'),

(8,89,3,'00:12:03'),

(8,89,4,'00:12:04'),

(8,90,1,'00:12:01'),

(8,90,2,'00:12:02'),

(8,90,3,'00:12:03'),

(8,90,4,'00:12:04'),

(9,1,1,'00:12:01'),

(9,1,2,'00:12:02'),

(9,1,3,'00:12:03'),

(9,1,4,'00:12:04'),

(9,2,1,'00:12:01'),

(9,2,2,'00:12:02'),

(9,2,3,'00:12:03'),

(9,2,4,'00:12:04'),

(9,3,1,'00:12:01'),

(9,3,2,'00:12:02'),

(9,3,3,'00:12:03'),

(9,3,4,'00:12:04'),

(9,4,1,'00:12:01'),

(9,4,2,'00:12:02'),

(9,4,3,'00:12:03'),

(9,4,4,'00:12:04'),

(9,5,1,'00:12:01'),

(9,5,2,'00:12:02'),

(9,5,3,'00:12:03'),

(9,5,4,'00:12:04'),

(9,6,1,'00:12:01'),

(9,6,2,'00:12:02'),

(9,6,3,'00:12:03'),

(9,6,4,'00:12:04'),

(9,7,1,'00:12:01'),

(9,7,2,'00:12:02'),

(9,7,3,'00:12:03'),

(9,7,4,'00:12:04'),

(9,8,1,'00:12:01'),

(9,8,2,'00:12:02'),

(9,8,3,'00:12:03'),

(9,8,4,'00:12:04'),

(9,9,1,'00:12:01'),

(9,9,2,'00:12:02'),

(9,9,3,'00:12:03'),

(9,9,4,'00:12:04'),

(9,10,1,'00:12:01'),

(9,10,2,'00:12:02'),

(9,10,3,'00:12:03'),

(9,10,4,'00:12:04'),

(9,11,1,'00:12:01'),

(9,11,2,'00:12:02'),

(9,11,3,'00:12:03'),

(9,11,4,'00:12:04'),

(9,12,1,'00:12:01'),

(9,12,2,'00:12:02'),

(9,12,3,'00:12:03'),

(9,12,4,'00:12:04'),

(9,13,1,'00:12:01'),

(9,13,2,'00:12:02'),

(9,13,3,'00:12:03'),

(9,13,4,'00:12:04'),

(9,14,1,'00:12:01'),

(9,14,2,'00:12:02'),

(9,14,3,'00:12:03'),

(9,14,4,'00:12:04'),

(9,15,1,'00:12:01'),

(9,15,2,'00:12:02'),

(9,15,3,'00:12:03'),

(9,15,4,'00:12:04'),

(9,16,1,'00:12:01'),

(9,16,2,'00:12:02'),

(9,16,3,'00:12:03'),

(9,16,4,'00:12:04'),

(9,17,1,'00:12:01'),

(9,17,2,'00:12:02'),

(9,17,3,'00:12:03'),

(9,17,4,'00:12:04'),

(9,18,1,'00:12:01'),

(9,18,2,'00:12:02'),

(9,18,3,'00:12:03'),

(9,18,4,'00:12:04'),

(9,19,1,'00:12:01'),

(9,19,2,'00:12:02'),

(9,19,3,'00:12:03'),

(9,19,4,'00:12:04'),

(9,20,1,'00:12:01'),

(9,20,2,'00:12:02'),

(9,20,3,'00:12:03'),

(9,20,4,'00:12:04'),

(9,21,1,'00:12:01'),

(9,21,2,'00:12:02'),

(9,21,3,'00:12:03'),

(9,21,4,'00:12:04'),

(9,22,1,'00:12:01'),

(9,22,2,'00:12:02'),

(9,22,3,'00:12:03'),

(9,22,4,'00:12:04'),

(9,23,1,'00:12:01'),

(9,23,2,'00:12:02'),

(9,23,3,'00:12:03'),

(9,23,4,'00:12:04'),

(9,24,1,'00:12:01'),

(9,24,2,'00:12:02'),

(9,24,3,'00:12:03'),

(9,24,4,'00:12:04'),

(9,25,1,'00:12:01'),

(9,25,2,'00:12:02'),

(9,25,3,'00:12:03'),

(9,25,4,'00:12:04'),

(9,26,1,'00:12:01'),

(9,26,2,'00:12:02'),

(9,26,3,'00:12:03'),

(9,26,4,'00:12:04'),

(9,27,1,'00:12:01'),

(9,27,2,'00:12:02'),

(9,27,3,'00:12:03'),

(9,27,4,'00:12:04'),

(9,28,1,'00:12:01'),

(9,28,2,'00:12:02'),

(9,28,3,'00:12:03'),

(9,28,4,'00:12:04'),

(9,29,1,'00:12:01'),

(9,29,2,'00:12:02'),

(9,29,3,'00:12:03'),

(9,29,4,'00:12:04'),

(9,30,1,'00:12:01'),

(9,30,2,'00:12:02'),

(9,30,3,'00:12:03'),

(9,30,4,'00:12:04'),

(9,31,1,'00:12:01'),

(9,31,2,'00:12:02'),

(9,31,3,'00:12:03'),

(9,31,4,'00:12:04'),

(9,32,1,'00:12:01'),

(9,32,2,'00:12:02'),

(9,32,3,'00:12:03'),

(9,32,4,'00:12:04'),

(9,33,1,'00:12:01'),

(9,33,2,'00:12:02'),

(9,33,3,'00:12:03'),

(9,33,4,'00:12:04'),

(9,34,1,'00:12:01'),

(9,34,2,'00:12:02'),

(9,34,3,'00:12:03'),

(9,34,4,'00:12:04'),

(9,35,1,'00:12:01'),

(9,35,2,'00:12:02'),

(9,35,3,'00:12:03'),

(9,35,4,'00:12:04'),

(9,36,1,'00:12:01'),

(9,36,2,'00:12:02'),

(9,36,3,'00:12:03'),

(9,36,4,'00:12:04'),

(9,37,1,'00:12:01'),

(9,37,2,'00:12:02'),

(9,37,3,'00:12:03'),

(9,37,4,'00:12:04'),

(9,38,1,'00:12:01'),

(9,38,2,'00:12:02'),

(9,38,3,'00:12:03'),

(9,38,4,'00:12:04'),

(9,39,1,'00:12:01'),

(9,39,2,'00:12:02'),

(9,39,3,'00:12:03'),

(9,39,4,'00:12:04'),

(9,40,1,'00:12:01'),

(9,40,2,'00:12:02'),

(9,40,3,'00:12:03'),

(9,40,4,'00:12:04'),

(9,41,1,'00:12:01'),

(9,41,2,'00:12:02'),

(9,41,3,'00:12:03'),

(9,41,4,'00:12:04'),

(9,42,1,'00:12:01'),

(9,42,2,'00:12:02'),

(9,42,3,'00:12:03'),

(9,42,4,'00:12:04'),

(9,43,1,'00:12:01'),

(9,43,2,'00:12:02'),

(9,43,3,'00:12:03'),

(9,43,4,'00:12:04'),

(9,44,1,'00:12:01'),

(9,44,2,'00:12:02'),

(9,44,3,'00:12:03'),

(9,44,4,'00:12:04'),

(9,45,1,'00:12:01'),

(9,45,2,'00:12:02'),

(9,45,3,'00:12:03'),

(9,45,4,'00:12:04'),

(9,46,1,'00:12:01'),

(9,46,2,'00:12:02'),

(9,46,3,'00:12:03'),

(9,46,4,'00:12:04'),

(9,47,1,'00:12:01'),

(9,47,2,'00:12:02'),

(9,47,3,'00:12:03'),

(9,47,4,'00:12:04'),

(9,48,1,'00:12:01'),

(9,48,2,'00:12:02'),

(9,48,3,'00:12:03'),

(9,48,4,'00:12:04'),

(9,49,1,'00:12:01'),

(9,49,2,'00:12:02'),

(9,49,3,'00:12:03'),

(9,49,4,'00:12:04'),

(9,50,1,'00:12:01'),

(9,50,2,'00:12:02'),

(9,50,3,'00:12:03'),

(9,50,4,'00:12:04'),

(9,51,1,'00:12:01'),

(9,51,2,'00:12:02'),

(9,51,3,'00:12:03'),

(9,51,4,'00:12:04'),

(9,52,1,'00:12:01'),

(9,52,2,'00:12:02'),

(9,52,3,'00:12:03'),

(9,52,4,'00:12:04'),

(9,53,1,'00:12:01'),

(9,53,2,'00:12:02'),

(9,53,3,'00:12:03'),

(9,53,4,'00:12:04'),

(9,54,1,'00:12:01'),

(9,54,2,'00:12:02'),

(9,54,3,'00:12:03'),

(9,54,4,'00:12:04'),

(9,55,1,'00:12:01'),

(9,55,2,'00:12:02'),

(9,55,3,'00:12:03'),

(9,55,4,'00:12:04'),

(9,56,1,'00:12:01'),

(9,56,2,'00:12:02'),

(9,56,3,'00:12:03'),

(9,56,4,'00:12:04'),

(9,57,1,'00:12:01'),

(9,57,2,'00:12:02'),

(9,57,3,'00:12:03'),

(9,57,4,'00:12:04'),

(9,58,1,'00:12:01'),

(9,58,2,'00:12:02'),

(9,58,3,'00:12:03'),

(9,58,4,'00:12:04'),

(9,59,1,'00:12:01'),

(9,59,2,'00:12:02'),

(9,59,3,'00:12:03'),

(9,59,4,'00:12:04'),

(9,60,1,'00:12:01'),

(9,60,2,'00:12:02'),

(9,60,3,'00:12:03'),

(9,60,4,'00:12:04'),

(9,61,1,'00:12:01'),

(9,61,2,'00:12:02'),

(9,61,3,'00:12:03'),

(9,61,4,'00:12:04'),

(9,62,1,'00:12:01'),

(9,62,2,'00:12:02'),

(9,62,3,'00:12:03'),

(9,62,4,'00:12:04'),

(9,63,1,'00:12:01'),

(9,63,2,'00:12:02'),

(9,63,3,'00:12:03'),

(9,63,4,'00:12:04'),

(9,64,1,'00:12:01'),

(9,64,2,'00:12:02'),

(9,64,3,'00:12:03'),

(9,64,4,'00:12:04'),

(9,65,1,'00:12:01'),

(9,65,2,'00:12:02'),

(9,65,3,'00:12:03'),

(9,65,4,'00:12:04'),

(9,66,1,'00:12:01'),

(9,66,2,'00:12:02'),

(9,66,3,'00:12:03'),

(9,66,4,'00:12:04'),

(9,67,1,'00:12:01'),

(9,67,2,'00:12:02'),

(9,67,3,'00:12:03'),

(9,67,4,'00:12:04'),

(9,68,1,'00:12:01'),

(9,68,2,'00:12:02'),

(9,68,3,'00:12:03'),

(9,68,4,'00:12:04'),

(9,69,1,'00:12:01'),

(9,69,2,'00:12:02'),

(9,69,3,'00:12:03'),

(9,69,4,'00:12:04'),

(9,70,1,'00:12:01'),

(9,70,2,'00:12:02'),

(9,70,3,'00:12:03'),

(9,70,4,'00:12:04'),

(9,71,1,'00:12:01'),

(9,71,2,'00:12:02'),

(9,71,3,'00:12:03'),

(9,71,4,'00:12:04'),

(9,72,1,'00:12:01'),

(9,72,2,'00:12:02'),

(9,72,3,'00:12:03'),

(9,72,4,'00:12:04'),

(9,73,1,'00:12:01'),

(9,73,2,'00:12:02'),

(9,73,3,'00:12:03'),

(9,73,4,'00:12:04'),

(9,74,1,'00:12:01'),

(9,74,2,'00:12:02'),

(9,74,3,'00:12:03'),

(9,74,4,'00:12:04'),

(9,75,1,'00:12:01'),

(9,75,2,'00:12:02'),

(9,75,3,'00:12:03'),

(9,75,4,'00:12:04'),

(9,76,1,'00:12:01'),

(9,76,2,'00:12:02'),

(9,76,3,'00:12:03'),

(9,76,4,'00:12:04'),

(9,77,1,'00:12:01'),

(9,77,2,'00:12:02'),

(9,77,3,'00:12:03'),

(9,77,4,'00:12:04'),

(9,78,1,'00:12:01'),

(9,78,2,'00:12:02'),

(9,78,3,'00:12:03'),

(9,78,4,'00:12:04'),

(9,79,1,'00:12:01'),

(9,79,2,'00:12:02'),

(9,79,3,'00:12:03'),

(9,79,4,'00:12:04'),

(9,80,1,'00:12:01'),

(9,80,2,'00:12:02'),

(9,80,3,'00:12:03'),

(9,80,4,'00:12:04'),

(9,81,1,'00:12:01'),

(9,81,2,'00:12:02'),

(9,81,3,'00:12:03'),

(9,81,4,'00:12:04'),

(9,82,1,'00:12:01'),

(9,82,2,'00:12:02'),

(9,82,3,'00:12:03'),

(9,82,4,'00:12:04'),

(9,83,1,'00:12:01'),

(9,83,2,'00:12:02'),

(9,83,3,'00:12:03'),

(9,83,4,'00:12:04'),

(9,84,1,'00:12:01'),

(9,84,2,'00:12:02'),

(9,84,3,'00:12:03'),

(9,84,4,'00:12:04'),

(9,85,1,'00:12:01'),

(9,85,2,'00:12:02'),

(9,85,3,'00:12:03'),

(9,85,4,'00:12:04'),

(9,86,1,'00:12:01'),

(9,86,2,'00:12:02'),

(9,86,3,'00:12:03'),

(9,86,4,'00:12:04'),

(9,87,1,'00:12:01'),

(9,87,2,'00:12:02'),

(9,87,3,'00:12:03'),

(9,87,4,'00:12:04'),

(9,88,1,'00:12:01'),

(9,88,2,'00:12:02'),

(9,88,3,'00:12:03'),

(9,88,4,'00:12:04'),

(9,89,1,'00:12:01'),

(9,89,2,'00:12:02'),

(9,89,3,'00:12:03'),

(9,89,4,'00:12:04'),

(9,90,1,'00:12:01'),

(9,90,2,'00:12:02'),

(9,90,3,'00:12:03'),

(9,90,4,'00:12:04'),

(10,1,1,'00:12:01'),

(10,1,2,'00:12:02'),

(10,1,3,'00:12:03'),

(10,1,4,'00:12:04'),

(10,2,1,'00:12:01'),

(10,2,2,'00:12:02'),

(10,2,3,'00:12:03'),

(10,2,4,'00:12:04'),

(10,3,1,'00:12:01'),

(10,3,2,'00:12:02'),

(10,3,3,'00:12:03'),

(10,3,4,'00:12:04'),

(10,4,1,'00:12:01'),

(10,4,2,'00:12:02'),

(10,4,3,'00:12:03'),

(10,4,4,'00:12:04'),

(10,5,1,'00:12:01'),

(10,5,2,'00:12:02'),

(10,5,3,'00:12:03'),

(10,5,4,'00:12:04'),

(10,6,1,'00:12:01'),

(10,6,2,'00:12:02'),

(10,6,3,'00:12:03'),

(10,6,4,'00:12:04'),

(10,7,1,'00:12:01'),

(10,7,2,'00:12:02'),

(10,7,3,'00:12:03'),

(10,7,4,'00:12:04'),

(10,8,1,'00:12:01'),

(10,8,2,'00:12:02'),

(10,8,3,'00:12:03'),

(10,8,4,'00:12:04'),

(10,9,1,'00:12:01'),

(10,9,2,'00:12:02'),

(10,9,3,'00:12:03'),

(10,9,4,'00:12:04'),

(10,10,1,'00:12:01'),

(10,10,2,'00:12:02'),

(10,10,3,'00:12:03'),

(10,10,4,'00:12:04'),

(10,11,1,'00:12:01'),

(10,11,2,'00:12:02'),

(10,11,3,'00:12:03'),

(10,11,4,'00:12:04'),

(10,12,1,'00:12:01'),

(10,12,2,'00:12:02'),

(10,12,3,'00:12:03'),

(10,12,4,'00:12:04'),

(10,13,1,'00:12:01'),

(10,13,2,'00:12:02'),

(10,13,3,'00:12:03'),

(10,13,4,'00:12:04'),

(10,14,1,'00:12:01'),

(10,14,2,'00:12:02'),

(10,14,3,'00:12:03'),

(10,14,4,'00:12:04'),

(10,15,1,'00:12:01'),

(10,15,2,'00:12:02'),

(10,15,3,'00:12:03'),

(10,15,4,'00:12:04'),

(10,16,1,'00:12:01'),

(10,16,2,'00:12:02'),

(10,16,3,'00:12:03'),

(10,16,4,'00:12:04'),

(10,17,1,'00:12:01'),

(10,17,2,'00:12:02'),

(10,17,3,'00:12:03'),

(10,17,4,'00:12:04'),

(10,18,1,'00:12:01'),

(10,18,2,'00:12:02'),

(10,18,3,'00:12:03'),

(10,18,4,'00:12:04'),

(10,19,1,'00:12:01'),

(10,19,2,'00:12:02'),

(10,19,3,'00:12:03'),

(10,19,4,'00:12:04'),

(10,20,1,'00:12:01'),

(10,20,2,'00:12:02'),

(10,20,3,'00:12:03'),

(10,20,4,'00:12:04'),

(10,21,1,'00:12:01'),

(10,21,2,'00:12:02'),

(10,21,3,'00:12:03'),

(10,21,4,'00:12:04'),

(10,22,1,'00:12:01'),

(10,22,2,'00:12:02'),

(10,22,3,'00:12:03'),

(10,22,4,'00:12:04'),

(10,23,1,'00:12:01'),

(10,23,2,'00:12:02'),

(10,23,3,'00:12:03'),

(10,23,4,'00:12:04'),

(10,24,1,'00:12:01'),

(10,24,2,'00:12:02'),

(10,24,3,'00:12:03'),

(10,24,4,'00:12:04'),

(10,25,1,'00:12:01'),

(10,25,2,'00:12:02'),

(10,25,3,'00:12:03'),

(10,25,4,'00:12:04'),

(10,26,1,'00:12:01'),

(10,26,2,'00:12:02'),

(10,26,3,'00:12:03'),

(10,26,4,'00:12:04'),

(10,27,1,'00:12:01'),

(10,27,2,'00:12:02'),

(10,27,3,'00:12:03'),

(10,27,4,'00:12:04'),

(10,28,1,'00:12:01'),

(10,28,2,'00:12:02'),

(10,28,3,'00:12:03'),

(10,28,4,'00:12:04'),

(10,29,1,'00:12:01'),

(10,29,2,'00:12:02'),

(10,29,3,'00:12:03'),

(10,29,4,'00:12:04'),

(10,30,1,'00:12:01'),

(10,30,2,'00:12:02'),

(10,30,3,'00:12:03'),

(10,30,4,'00:12:04'),

(10,31,1,'00:12:01'),

(10,31,2,'00:12:02'),

(10,31,3,'00:12:03'),

(10,31,4,'00:12:04'),

(10,32,1,'00:12:01'),

(10,32,2,'00:12:02'),

(10,32,3,'00:12:03'),

(10,32,4,'00:12:04'),

(10,33,1,'00:12:01'),

(10,33,2,'00:12:02'),

(10,33,3,'00:12:03'),

(10,33,4,'00:12:04'),

(10,34,1,'00:12:01'),

(10,34,2,'00:12:02'),

(10,34,3,'00:12:03'),

(10,34,4,'00:12:04'),

(10,35,1,'00:12:01'),

(10,35,2,'00:12:02'),

(10,35,3,'00:12:03'),

(10,35,4,'00:12:04'),

(10,36,1,'00:12:01'),

(10,36,2,'00:12:02'),

(10,36,3,'00:12:03'),

(10,36,4,'00:12:04'),

(10,37,1,'00:12:01'),

(10,37,2,'00:12:02'),

(10,37,3,'00:12:03'),

(10,37,4,'00:12:04'),

(10,38,1,'00:12:01'),

(10,38,2,'00:12:02'),

(10,38,3,'00:12:03'),

(10,38,4,'00:12:04'),

(10,39,1,'00:12:01'),

(10,39,2,'00:12:02'),

(10,39,3,'00:12:03'),

(10,39,4,'00:12:04'),

(10,40,1,'00:12:01'),

(10,40,2,'00:12:02'),

(10,40,3,'00:12:03'),

(10,40,4,'00:12:04'),

(10,41,1,'00:12:01'),

(10,41,2,'00:12:02'),

(10,41,3,'00:12:03'),

(10,41,4,'00:12:04'),

(10,42,1,'00:12:01'),

(10,42,2,'00:12:02'),

(10,42,3,'00:12:03'),

(10,42,4,'00:12:04'),

(10,43,1,'00:12:01'),

(10,43,2,'00:12:02'),

(10,43,3,'00:12:03'),

(10,43,4,'00:12:04'),

(10,44,1,'00:12:01'),

(10,44,2,'00:12:02'),

(10,44,3,'00:12:03'),

(10,44,4,'00:12:04'),

(10,45,1,'00:12:01'),

(10,45,2,'00:12:02'),

(10,45,3,'00:12:03'),

(10,45,4,'00:12:04'),

(10,46,1,'00:12:01'),

(10,46,2,'00:12:02'),

(10,46,3,'00:12:03'),

(10,46,4,'00:12:04'),

(10,47,1,'00:12:01'),

(10,47,2,'00:12:02'),

(10,47,3,'00:12:03'),

(10,47,4,'00:12:04'),

(10,48,1,'00:12:01'),

(10,48,2,'00:12:02'),

(10,48,3,'00:12:03'),

(10,48,4,'00:12:04'),

(10,49,1,'00:12:01'),

(10,49,2,'00:12:02'),

(10,49,3,'00:12:03'),

(10,49,4,'00:12:04'),

(10,50,1,'00:12:01'),

(10,50,2,'00:12:02'),

(10,50,3,'00:12:03'),

(10,50,4,'00:12:04'),

(10,51,1,'00:12:01'),

(10,51,2,'00:12:02'),

(10,51,3,'00:12:03'),

(10,51,4,'00:12:04'),

(10,52,1,'00:12:01'),

(10,52,2,'00:12:02'),

(10,52,3,'00:12:03'),

(10,52,4,'00:12:04'),

(10,53,1,'00:12:01'),

(10,53,2,'00:12:02'),

(10,53,3,'00:12:03'),

(10,53,4,'00:12:04'),

(10,54,1,'00:12:01'),

(10,54,2,'00:12:02'),

(10,54,3,'00:12:03'),

(10,54,4,'00:12:04'),

(10,55,1,'00:12:01'),

(10,55,2,'00:12:02'),

(10,55,3,'00:12:03'),

(10,55,4,'00:12:04'),

(10,56,1,'00:12:01'),

(10,56,2,'00:12:02'),

(10,56,3,'00:12:03'),

(10,56,4,'00:12:04'),

(10,57,1,'00:12:01'),

(10,57,2,'00:12:02'),

(10,57,3,'00:12:03'),

(10,57,4,'00:12:04'),

(10,58,1,'00:12:01'),

(10,58,2,'00:12:02'),

(10,58,3,'00:12:03'),

(10,58,4,'00:12:04'),

(10,59,1,'00:12:01'),

(10,59,2,'00:12:02'),

(10,59,3,'00:12:03'),

(10,59,4,'00:12:04'),

(10,60,1,'00:12:01'),

(10,60,2,'00:12:02'),

(10,60,3,'00:12:03'),

(10,60,4,'00:12:04'),

(10,61,1,'00:12:01'),

(10,61,2,'00:12:02'),

(10,61,3,'00:12:03'),

(10,61,4,'00:12:04'),

(10,62,1,'00:12:01'),

(10,62,2,'00:12:02'),

(10,62,3,'00:12:03'),

(10,62,4,'00:12:04'),

(10,63,1,'00:12:01'),

(10,63,2,'00:12:02'),

(10,63,3,'00:12:03'),

(10,63,4,'00:12:04'),

(10,64,1,'00:12:01'),

(10,64,2,'00:12:02'),

(10,64,3,'00:12:03'),

(10,64,4,'00:12:04'),

(10,65,1,'00:12:01'),

(10,65,2,'00:12:02'),

(10,65,3,'00:12:03'),

(10,65,4,'00:12:04'),

(10,66,1,'00:12:01'),

(10,66,2,'00:12:02'),

(10,66,3,'00:12:03'),

(10,66,4,'00:12:04'),

(10,67,1,'00:12:01'),

(10,67,2,'00:12:02'),

(10,67,3,'00:12:03'),

(10,67,4,'00:12:04'),

(10,68,1,'00:12:01'),

(10,68,2,'00:12:02'),

(10,68,3,'00:12:03'),

(10,68,4,'00:12:04'),

(10,69,1,'00:12:01'),

(10,69,2,'00:12:02'),

(10,69,3,'00:12:03'),

(10,69,4,'00:12:04'),

(10,70,1,'00:12:01'),

(10,70,2,'00:12:02'),

(10,70,3,'00:12:03'),

(10,70,4,'00:12:04'),

(10,71,1,'00:12:01'),

(10,71,2,'00:12:02'),

(10,71,3,'00:12:03'),

(10,71,4,'00:12:04'),

(10,72,1,'00:12:01'),

(10,72,2,'00:12:02'),

(10,72,3,'00:12:03'),

(10,72,4,'00:12:04'),

(10,73,1,'00:12:01'),

(10,73,2,'00:12:02'),

(10,73,3,'00:12:03'),

(10,73,4,'00:12:04'),

(10,74,1,'00:12:01'),

(10,74,2,'00:12:02'),

(10,74,3,'00:12:03'),

(10,74,4,'00:12:04'),

(10,75,1,'00:12:01'),

(10,75,2,'00:12:02'),

(10,75,3,'00:12:03'),

(10,75,4,'00:12:04'),

(10,76,1,'00:12:01'),

(10,76,2,'00:12:02'),

(10,76,3,'00:12:03'),

(10,76,4,'00:12:04'),

(10,77,1,'00:12:01'),

(10,77,2,'00:12:02'),

(10,77,3,'00:12:03'),

(10,77,4,'00:12:04'),

(10,78,1,'00:12:01'),

(10,78,2,'00:12:02'),

(10,78,3,'00:12:03'),

(10,78,4,'00:12:04'),

(10,79,1,'00:12:01'),

(10,79,2,'00:12:02'),

(10,79,3,'00:12:03'),

(10,79,4,'00:12:04'),

(10,80,1,'00:12:01'),

(10,80,2,'00:12:02'),

(10,80,3,'00:12:03'),

(10,80,4,'00:12:04'),

(10,81,1,'00:12:01'),

(10,81,2,'00:12:02'),

(10,81,3,'00:12:03'),

(10,81,4,'00:12:04'),

(10,82,1,'00:12:01'),

(10,82,2,'00:12:02'),

(10,82,3,'00:12:03'),

(10,82,4,'00:12:04'),

(10,83,1,'00:12:01'),

(10,83,2,'00:12:02'),

(10,83,3,'00:12:03'),

(10,83,4,'00:12:04'),

(10,84,1,'00:12:01'),

(10,84,2,'00:12:02'),

(10,84,3,'00:12:03'),

(10,84,4,'00:12:04'),

(10,85,1,'00:12:01'),

(10,85,2,'00:12:02'),

(10,85,3,'00:12:03'),

(10,85,4,'00:12:04'),

(10,86,1,'00:12:01'),

(10,86,2,'00:12:02'),

(10,86,3,'00:12:03'),

(10,86,4,'00:12:04'),

(10,87,1,'00:12:01'),

(10,87,2,'00:12:02'),

(10,87,3,'00:12:03'),

(10,87,4,'00:12:04'),

(10,88,1,'00:12:01'),

(10,88,2,'00:12:02'),

(10,88,3,'00:12:03'),

(10,88,4,'00:12:04'),

(10,89,1,'00:12:01'),

(10,89,2,'00:12:02'),

(10,89,3,'00:12:03'),

(10,89,4,'00:12:04'),

(10,90,1,'00:12:01'),

(10,90,2,'00:12:02'),

(10,90,3,'00:12:03'),

(10,90,4,'00:12:04');

/*Table structure for table `clubs` */

DROP TABLE IF EXISTS `clubs`;

CREATE TABLE `clubs` (
  `id` int(10) unsigned NOT NULL AUTO_INCREMENT,
  `name` varchar(100) NOT NULL,
  PRIMARY KEY (`id`)
) ENGINE=InnoDB AUTO_INCREMENT=5 DEFAULT CHARSET=latin1;

/*Data for the table `clubs` */

insert  into `clubs`(`id`,`name`) values 

(1,'Club A'),

(2,'Club B'),

(3,'Club C'),

(4,'Club D');

/*Table structure for table `disciplines` */

DROP TABLE IF EXISTS `disciplines`;

CREATE TABLE `disciplines` (
  `id` int(10) unsigned NOT NULL AUTO_INCREMENT,
  `type` Varchar(50) NOT NULL,
  `sub_type` Varchar(50) NOT NULL,
  CONSTRAINT check_Types CHECK (`type` IN ('Atletismo','Ciclismo','Natación') AND `sub_type` IN ('Carrera','Caminata','De ruta','Asfalto','Montaña','Piscina','Aguas abiertas')),
  PRIMARY KEY (`id`)
) ENGINE=InnoDB AUTO_INCREMENT=8 DEFAULT CHARSET=latin1;

/*Data for the table `disciplines` */

insert  into `disciplines`(`id`,`type`,`sub_type`) values 

(1,'Atletismo','Caminata'),

(2,'Atletismo','Carrera'),

(3,'Ciclismo','Asfalto'),

(4,'Ciclismo','De ruta'),

(5,'Ciclismo','Montaña'),

(6,'Natación','Aguas abiertas'),

(7,'Natación','Piscina');

/*Table structure for table `disciplines_modes` */

DROP TABLE IF EXISTS `disciplines_modes`;

CREATE TABLE `disciplines_modes` (
  `discipline_id` int(10) unsigned NOT NULL,
  `mode_id` int(10) unsigned NOT NULL,
  PRIMARY KEY (`discipline_id`,`mode_id`),
  KEY `Relationship15` (`mode_id`)
) ENGINE=InnoDB DEFAULT CHARSET=latin1;

/*Data for the table `disciplines_modes` */

insert  into `disciplines_modes`(`discipline_id`,`mode_id`) values 

(2,1),

(3,1),

(1,2),

(4,2),

(6,2),

(2,3),

(4,3),

(5,3),

(7,3),

(1,4),

(7,4),

(5,5),

(6,5),

(2,6),

(3,6),

(1,7),

(4,7),

(6,7),

(2,8),

(4,8),

(5,8),

(7,8),

(1,9),

(7,9),

(5,10),

(6,10);

/*Table structure for table `distances` */

DROP TABLE IF EXISTS `distances`;

CREATE TABLE `distances`
(
  `id` Int UNSIGNED NOT NULL AUTO_INCREMENT,
  `distance_1` Mediumint UNSIGNED NOT NULL,
  `distance_2` Mediumint UNSIGNED NOT NULL,
  `distance_3` Mediumint UNSIGNED NOT NULL,
  `distance_4` Mediumint UNSIGNED NOT NULL,
  `name` Varchar(50),
  PRIMARY KEY (`id`)
) ENGINE=InnoDB AUTO_INCREMENT=11 DEFAULT CHARSET=latin1;

/*Data for the table `distances` */

insert  into `distances`(`id`,`distance_1`,`distance_2`,`distance_3`,`distance_4`,`name`) values 

(1,750,20000,5000,0,'Sprint Triatlón'),

(2,1500,40000,10000,0,'Larga Triatlón'),

(3,2500,10000,10000,50000,'Corta Tetratlón'),

(4,5000,2000,20000,100000,'Larga Tetratlón'),

(5,2500,1000,0,0,'Corta Acuatlón'),

(6,5000,2000,0,0,'Larga Acuatlón'),

(7,10000,40000,5000,0,'Corta Duatlón'),

(8,14000,60000,7000,0,'Larga Duatlón'),

(9,400000,1500,0,0,'Corta Aquabike'),

(10,45000,2000,0,0,'Larga Aquabike');

/*Table structure for table `events` */

DROP TABLE IF EXISTS `events`;

CREATE TABLE `events` (
  `id` int(10) unsigned NOT NULL AUTO_INCREMENT,
  `name` varchar(100) NOT NULL,
  `date` date NOT NULL,
  PRIMARY KEY (`id`)
) ENGINE=InnoDB AUTO_INCREMENT=5 DEFAULT CHARSET=latin1;

/*Data for the table `events` */

insert  into `events`(`id`,`name`,`date`) values 

(1,'Evento 1','2016-01-07'),

(2,'Evento 2','2016-02-03'),

(3,'Evento 3','2016-01-19'),

(4,'Evento 4','2016-02-17');

/*Table structure for table `individual_participations` */

DROP TABLE IF EXISTS `individual_participations`;

CREATE TABLE `individual_participations` (
  `position` smallint(5) unsigned DEFAULT NULL,
  `id` int(10) unsigned NOT NULL AUTO_INCREMENT,
  `athlete_id` int(10) unsigned NOT NULL,
  `mode_id` int(10) unsigned NOT NULL,
  `category_id` int(10) unsigned NOT NULL,
  `event_id` int(10) unsigned NOT NULL,
  PRIMARY KEY (`id`),
  UNIQUE KEY `composed_unique_2` (`event_id`,`athlete_id`,`mode_id`,`category_id`),
  KEY `IX_Relationship26` (`athlete_id`),
  KEY `IX_Relationship27` (`mode_id`,`category_id`,`event_id`)
) ENGINE=InnoDB AUTO_INCREMENT=5 DEFAULT CHARSET=latin1;

/*Data for the table `individual_participations` */

insert  into `individual_participations`(`position`,`id`,`athlete_id`,`mode_id`,`category_id`,`event_id`) values 

(2,1,8,1,8,2),

(3,2,5,1,8,2),

(1,3,9,1,8,2),

(NULL,4,4,1,8,1);

/*Table structure for table `modes` */

DROP TABLE IF EXISTS `modes`;

CREATE TABLE `modes` (
  `id` int(10) unsigned NOT NULL AUTO_INCREMENT,
  `type` varchar(20) NOT NULL,
  `number_of_disciplines` tinyint(3) unsigned NOT NULL,
  PRIMARY KEY (`id`)
) ENGINE=InnoDB AUTO_INCREMENT=11 DEFAULT CHARSET=latin1;

/*Data for the table `modes` */

insert  into `modes`(`id`,`type`,`number_of_disciplines`) values 

(1,'Duatlón',2),

(2,'Triatlón',3),

(3,'Tetratlón',4),

(4,'Acuatlón',2),

(5,'Aquabike',2),

(6,'Duatlón-Equipo',2),

(7,'Triatlón-Equipo',3),

(8,'Tetratlón-Equipo',4),

(9,'Acuatlón-Equipo',2),

(10,'Aquabike-Equipo',2);

/*Table structure for table `team_participations` */

DROP TABLE IF EXISTS `team_participations`;

CREATE TABLE `team_participations` (
  `position` smallint(5) unsigned DEFAULT NULL,
  `id` int(10) unsigned NOT NULL AUTO_INCREMENT,
  `team_id` int(10) unsigned NOT NULL,
  `mode_id` int(10) unsigned NOT NULL,
  `category_id` int(10) unsigned NOT NULL,
  `event_id` int(10) unsigned NOT NULL,
  PRIMARY KEY (`id`),
  UNIQUE KEY `composed_unique_1` (`event_id`,`team_id`,`mode_id`,`category_id`),
  KEY `IX_Relationship28` (`team_id`),
  KEY `IX_Relationship29` (`mode_id`,`category_id`,`event_id`)
) ENGINE=InnoDB AUTO_INCREMENT=7 DEFAULT CHARSET=latin1;

/*Data for the table `team_participations` */

insert  into `team_participations`(`position`,`id`,`team_id`,`mode_id`,`category_id`,`event_id`) values 

(NULL,1,1,7,13,1),

(NULL,2,2,7,13,1),

(NULL,6,2,7,6,2);

/*Table structure for table `teams` */

DROP TABLE IF EXISTS `teams`;

CREATE TABLE `teams` (
  `id` int(10) unsigned NOT NULL AUTO_INCREMENT,
  `name` varchar(100) NOT NULL,
  `club_id` int(10) unsigned DEFAULT NULL,
  `category_id` int(10) unsigned NOT NULL,
  PRIMARY KEY (`id`),
  KEY `IX_Relationship17` (`club_id`),
  KEY `category_team` (`category_id`)
) ENGINE=InnoDB AUTO_INCREMENT=6 DEFAULT CHARSET=latin1;

/*Data for the table `teams` */

insert  into `teams`(`id`,`name`,`club_id`,`category_id`) values 

(1,'Equipo 1',2,13),

(2,'Equipo 3',3,8),

(3,'Equipo 2',1,13),

(4,'Equipo 4',4,3);

/*Table structure for table `times` */

DROP TABLE IF EXISTS `times`;

CREATE TABLE `times` (
  `time_1` time(2) DEFAULT NULL,
  `time_2` time(2) DEFAULT NULL,
  `time_3` time(2) DEFAULT NULL,
  `time_4` time(2) DEFAULT NULL,
  `id` int(10) unsigned NOT NULL AUTO_INCREMENT,
  `individual_participation_id` int(10) unsigned DEFAULT NULL,
  `team_participation_id` int(10) unsigned DEFAULT NULL,
  `time_total` time DEFAULT NULL,
  PRIMARY KEY (`id`),
  KEY `IX_Relationship33` (`individual_participation_id`),
  KEY `IX_Relationship35` (`team_participation_id`)
) ENGINE=InnoDB AUTO_INCREMENT=7 DEFAULT CHARSET=latin1;

/*Data for the table `times` */

insert  into `times`(`time_1`,`time_2`,`time_3`,`time_4`,`id`,`individual_participation_id`,`team_participation_id`,`time_total`) values 

('01:25:00.00','01:13:54.00',NULL,NULL,1,1,NULL,'02:38:54'),

('01:31:01.00','01:13:49.00',NULL,NULL,2,2,NULL,'02:44:50'),

('01:23:58.00','01:22:32.00',NULL,NULL,3,3,NULL,'02:20:00'),

('00:00:10.00','00:00:11.00','00:00:12.00',NULL,4,NULL,1,'00:00:33'),

('00:00:12.00','00:00:13.00','00:00:09.00',NULL,5,NULL,2,'00:00:34'),

(NULL,NULL,NULL,NULL,6,4,NULL,'00:00:02');

/*Table structure for table `winners` */

DROP TABLE IF EXISTS `winners`; 

CREATE TABLE `winners` (
  `gold_id` int(10) unsigned DEFAULT NULL,
  `silver_id` int(11) DEFAULT NULL,
  `bronze_id` int(11) DEFAULT NULL,
  `mode_id` int(10) unsigned NOT NULL,
  `category_id` int(10) unsigned NOT NULL,
  `event_id` int(10) unsigned NOT NULL,
  PRIMARY KEY (`mode_id`,`category_id`,`event_id`)
) ENGINE=InnoDB DEFAULT CHARSET=latin1;

/*Data for the table `winners` */

insert  into `winners`(`gold_id`,`silver_id`,`bronze_id`,`mode_id`,`category_id`,`event_id`) values 

(1,2,3,1,8,2);


-- Create relationships section ------------------------------------------------- 

ALTER TABLE `categories_events_modes` ADD CONSTRAINT `Tiene` FOREIGN KEY (`mode_id`) REFERENCES `modes` (`id`) ON DELETE RESTRICT ON UPDATE CASCADE
;

ALTER TABLE `categories_events_modes` ADD CONSTRAINT `Posee` FOREIGN KEY (`category_id`) REFERENCES `categories` (`id`) ON DELETE RESTRICT ON UPDATE CASCADE
;

ALTER TABLE `disciplines_modes` ADD CONSTRAINT `Relationship14` FOREIGN KEY (`discipline_id`) REFERENCES `disciplines` (`id`) ON DELETE RESTRICT ON UPDATE CASCADE
;

ALTER TABLE `disciplines_modes` ADD CONSTRAINT `Relationship15` FOREIGN KEY (`mode_id`) REFERENCES `modes` (`id`) ON DELETE RESTRICT ON UPDATE CASCADE
;

ALTER TABLE `teams` ADD CONSTRAINT `Relationship17` FOREIGN KEY (`club_id`) REFERENCES `clubs` (`id`) ON DELETE SET NULL ON UPDATE CASCADE
;

ALTER TABLE `categories_events_modes` ADD CONSTRAINT `Evento_Modalidad_Categoria` FOREIGN KEY (`event_id`) REFERENCES `events` (`id`) ON DELETE CASCADE ON UPDATE CASCADE
;

ALTER TABLE `athletes_teams` ADD CONSTRAINT `Relationship24` FOREIGN KEY (`athlete_id`) REFERENCES `athletes` (`id`) ON DELETE CASCADE ON UPDATE CASCADE
;

ALTER TABLE `athletes_teams` ADD CONSTRAINT `Relationship25` FOREIGN KEY (`team_id`) REFERENCES `teams` (`id`) ON DELETE CASCADE ON UPDATE CASCADE
;

ALTER TABLE `individual_participations` ADD CONSTRAINT `Relationship26` FOREIGN KEY (`athlete_id`) REFERENCES `athletes` (`id`) ON DELETE CASCADE ON UPDATE CASCADE
;

ALTER TABLE `individual_participations` ADD CONSTRAINT `Relationship27` FOREIGN KEY (`mode_id`, `category_id`, `event_id`) REFERENCES `categories_events_modes` (`mode_id`, `category_id`, `event_id`) ON DELETE CASCADE ON UPDATE CASCADE
;

ALTER TABLE `team_participations` ADD CONSTRAINT `Relationship28` FOREIGN KEY (`team_id`) REFERENCES `teams` (`id`) ON DELETE CASCADE ON UPDATE CASCADE
;

ALTER TABLE `team_participations` ADD CONSTRAINT `Relationship29` FOREIGN KEY (`mode_id`, `category_id`, `event_id`) REFERENCES `categories_events_modes` (`mode_id`, `category_id`, `event_id`) ON DELETE CASCADE ON UPDATE CASCADE
;

ALTER TABLE `times` ADD CONSTRAINT `Relationship33` FOREIGN KEY (`individual_participation_id`) REFERENCES `individual_participations` (`id`) ON DELETE CASCADE ON UPDATE CASCADE
;

ALTER TABLE `times` ADD CONSTRAINT `Relationship35` FOREIGN KEY (`team_participation_id`) REFERENCES `team_participations` (`id`) ON DELETE CASCADE ON UPDATE CASCADE
;

ALTER TABLE `winners` ADD CONSTRAINT `Relationship36` FOREIGN KEY (`mode_id`, `category_id`, `event_id`) REFERENCES `categories_events_modes` (`mode_id`, `category_id`, `event_id`) ON DELETE CASCADE ON UPDATE CASCADE
;

ALTER TABLE `categories` ADD CONSTRAINT `Relationship37` FOREIGN KEY (`age_id`) REFERENCES `ages` (`id`) ON DELETE RESTRICT ON UPDATE CASCADE
;

ALTER TABLE `categories` ADD CONSTRAINT `Relationship38` FOREIGN KEY (`distance_id`) REFERENCES `distances` (`id`) ON DELETE RESTRICT ON UPDATE CASCADE
;

ALTER TABLE `teams` ADD CONSTRAINT `Relationship39` FOREIGN KEY (`category_id`) REFERENCES `categories` (`id`) ON DELETE RESTRICT ON UPDATE CASCADE
;



/* Trigger structure for table `athletes_teams` */

DELIMITER $$

/*!50003 DROP TRIGGER*//*!50032 IF EXISTS */ /*!50003 `trigger_team_member` */$$

/*!50003 CREATE */ /*!50017 DEFINER = 'root'@'localhost' */ /*!50003 TRIGGER `trigger_team_member` BEFORE INSERT ON `athletes_teams` FOR EACH ROW BEGIN
    
	DECLARE category_sex CHAR;
	DECLARE sex CHAR;	
	DECLARE min_age TINYINT;
	DECLARE max_age TINYINT;
	DECLARE athlete_age TINYINT;
	DECLARE team_category INT;
	
	DECLARE ammount TINYINT DEFAULT 0;
	
	SELECT T.category_id INTO team_category 
	FROM teams T
	WHERE T.id = NEW.team_id;
	
	IF (team_category < 21) THEN
	
		SELECT C.sex INTO category_sex
		FROM categories C, teams T
		WHERE T.id = NEW.team_id AND
		      C.id = T.category_id;
		      
		SELECT A.sex INTO sex
		FROM athletes A
		WHERE A.id = NEW.athlete_id;
		
		IF (sex != category_sex) THEN
			SET NEW.athlete_id = NULL;
			SET NEW.team_id = NULL;
		END IF;
	      
	ELSE 
	
		SELECT A.min_age, A.max_age
		INTO min_age, max_age
		FROM ages A, categories C
		WHERE T.id = NEW.team_id AND
		      C.id = T.category_id AND
		      A.id = C.age_id;
		   
		SELECT age(NEW.athlete_id) INTO athlete_age;
		
		IF ((athlete_age < min_age) OR (athlete_age > max_age)) THEN
			SET NEW.athlete_id = NULL;
			SET NEW.team_id = NULL;
		END IF;
	end if;	
	
	
	SELECT COUNT(*) INTO ammount
	FROM athletes_teams ATeams
	WHERE ATeams.team_id = NEW.team_id
	GROUP BY (ATeams.team_id);
		
	IF ( ammount >= 4) THEN
		SET NEW.team_id = NULL;
		SET NEW.athlete_id = NULL;
	END IF;
    END */$$


DELIMITER ;

/* Trigger structure for table `categories_events_modes` */

DELIMITER $$

/*!50003 DROP TRIGGER*//*!50032 IF EXISTS */ /*!50003 `trigger_insert_winners_row` */$$

/*!50003 CREATE */ /*!50017 DEFINER = 'root'@'localhost' */ /*!50003 TRIGGER `trigger_insert_winners_row` AFTER INSERT ON `categories_events_modes` FOR EACH ROW BEGIN



	INSERT INTO `proyecto_bd`.`winners` (

	  `gold_id`,

	  `silver_id`,

	  `bronze_id`,

	  `mode_id`,

	  `category_id`,

	  `event_id`

	) 

	VALUES

	  (

	    NULL,

	    NULL,

	    NULL,

	    mode_id,

	    category_id,

	    event_id

	  ) ;



    END */$$


DELIMITER ;

/* Trigger structure for table `individual_participations` */

DELIMITER $$

/*!50003 DROP TRIGGER*//*!50032 IF EXISTS */ /*!50003 `trigger_athlete_participation_category` */$$

/*!50003 CREATE */ /*!50017 DEFINER = 'root'@'localhost' */ /*!50003 TRIGGER `trigger_athlete_participation_category` BEFORE INSERT ON `individual_participations` FOR EACH ROW BEGIN



	DECLARE category_sex CHAR;

	DECLARE sex CHAR;	

	DECLARE min_age TINYINT;

	DECLARE max_age TINYINT;

	DECLARE athlete_age TINYINT;

	

	IF (new.category_id < 21) THEN



		SELECT C.sex INTO category_sex

		FROM categories C

		WHERE C.id = NEW.category_id;

		

		SELECT A.sex INTO sex

		FROM athletes A

		WHERE A.id = NEW.athlete_id;

		

		IF (sex != category_sex) THEN

			SET NEW.id = NULL;

		END IF;

	      

	ELSE 

		

		SELECT A.min_age, A.max_age

		INTO min_age, max_age

		FROM ages A, categories C

		WHERE C.id = NEW.category_id AND

		      A.id = C.age_id;

		      

		SELECT age(NEW.athlete_id) INTO athlete_age;

		

		IF ((athlete_age < min_age) OR (athlete_age > max_age)) THEN

			SET NEW.id = NULL;

		END IF;

		

	END IF;



    END */$$


DELIMITER ;

/* Trigger structure for table `individual_participations` */

DELIMITER $$

/*!50003 DROP TRIGGER*//*!50032 IF EXISTS */ /*!50003 `trigger_individual_participation_update` */$$

/*!50003 CREATE */ /*!50017 DEFINER = 'root'@'localhost' */ /*!50003 TRIGGER `trigger_individual_participation_update` AFTER UPDATE ON `individual_participations` FOR EACH ROW BEGIN

    

	IF ( OLD.position = NULL) THEN

		IF ( NEW.position = 1 ) THEN

		

			UPDATE 

			  `proyecto_bd`.`winners` 

			SET

			  `gold_id` = NEW.athlete_id

			WHERE `mode_id` = NEW.mode_id

			  AND `category_id` = NEW.category_id

			  AND `event_id` = NEW.event_id ;

			  

		ELSEIF ( NEW.position = 2 ) THEN

		

			UPDATE 

			  `proyecto_bd`.`winners` 

			SET

			  `silver_id` = NEW.athlete_id

			WHERE `mode_id` = NEW.mode_id

			  AND `category_id` = NEW.category_id

			  AND `event_id` = NEW.event_id ;

			  

		ELSEIF ( NEW.position = 3 ) THEN 

		

			UPDATE 

			  `proyecto_bd`.`winners` 

			SET

			  `bronze_id` = NEW.athlete_id

			WHERE `mode_id` = NEW.mode_id

			  AND `category_id` = NEW.category_id

			  AND `event_id` = NEW.event_id ;



		END IF;

	END IF;

	

    END */$$


DELIMITER ;

/* Trigger structure for table `team_participations` */

DELIMITER $$

/*!50003 DROP TRIGGER*//*!50032 IF EXISTS */ /*!50003 `trigger_team_participation_category` */$$

/*!50003 CREATE */ /*!50017 DEFINER = 'root'@'localhost' */ /*!50003 TRIGGER `trigger_team_participation_category` BEFORE INSERT ON `team_participations` FOR EACH ROW BEGIN



	DECLARE team_cat SMALLINT;

	

	SELECT T.category_id INTO team_cat 

	FROM teams T

	WHERE T.id = NEW.team_id;

	

	IF (team_cat != NEW.team_id) THEN

		SET NEW.id = NULL;

	END IF;



    END */$$


DELIMITER ;

/* Trigger structure for table `team_participations` */

DELIMITER $$

/*!50003 DROP TRIGGER*//*!50032 IF EXISTS */ /*!50003 `trigger_team_participation_after_update` */$$

/*!50003 CREATE */ /*!50017 DEFINER = 'root'@'localhost' */ /*!50003 TRIGGER `trigger_team_participation_after_update` AFTER UPDATE ON `team_participations` FOR EACH ROW BEGIN

    

	IF ( OLD.position = NULL) THEN

		IF ( NEW.position = 1 ) THEN

		

			UPDATE 

			  `proyecto_bd`.`winners` 

			SET

			  `gold_id` = NEW.team_id

			WHERE `mode_id` = NEW.mode_id

			  AND `category_id` = NEW.category_id

			  AND `event_id` = NEW.event_id ;

			  

		ELSEIF ( NEW.position = 2 ) THEN

		

			UPDATE 

			  `proyecto_bd`.`winners` 

			SET

			  `silver_id` = NEW.team_id

			WHERE `mode_id` = NEW.mode_id

			  AND `category_id` = NEW.category_id

			  AND `event_id` = NEW.event_id ;

			  

		ELSEIF ( NEW.position = 3 ) THEN 

		

			UPDATE 

			  `proyecto_bd`.`winners` 

			SET

			  `bronze_id` = NEW.team_id

			WHERE `mode_id` = NEW.mode_id

			  AND `category_id` = NEW.category_id

			  AND `event_id` = NEW.event_id ;

			  

		END IF;

	END IF;

	

    END */$$


DELIMITER ;

/* Function  structure for function  `age` */

/*!50003 DROP FUNCTION IF EXISTS `age` */;
DELIMITER $$

/*!50003 CREATE DEFINER=`root`@`localhost` FUNCTION `age`(id INT) RETURNS tinyint(4)
BEGIN
	
	DECLARE age TINYINT;
	DECLARE birthdate DATE;
	
	SELECT TRUNCATE( (DATEDIFF( CURDATE(), A.date_of_birth ) / 365) , 0) INTO age
	FROM athletes A 
	WHERE A.id = id;
	
	RETURN age;
	
    END */$$
DELIMITER ;

/* Procedure structure for procedure `assign_position` */

/*!50003 DROP PROCEDURE IF EXISTS  `assign_position` */;

DELIMITER $$

/*!50003 CREATE DEFINER=`root`@`localhost` PROCEDURE `assign_position`(mode_id INT, cat_id INT, event_id INT)
BEGIN

	

	DECLARE done INT DEFAULT FALSE;

	DECLARE id INT;

	DECLARE i INT DEFAULT 1;

	

	DECLARE curI CURSOR FOR SELECT T.individual_participation_id

		FROM times T, individual_participations IP

		WHERE T.individual_participation_id = IP.id AND 

		      IP.mode_id = mode_id AND

		      IP.category_id = cat_id AND

		      IP.event_id = event_id

		ORDER BY T.time_total asc;

		

	DECLARE curT CURSOR FOR SELECT T.team_participation_id

		FROM times T, team_participations TP

		WHERE T.team_id = TP.id AND 

		      TP.mode_id = mode_id AND

		      TP.category_id = cat_id AND

		      TP.event_id = event_id

		ORDER BY T.time_total asc;

		

	DECLARE CONTINUE HANDLER FOR NOT FOUND SET done = TRUE; 



	IF ( (mode_id > 0) && (mode_id < 6) ) THEN 

		

		OPEN curI;

		read_loop: LOOP

		

		FETCH curI INTO id;

		IF done THEN

			LEAVE read_loop;	

		END IF;

		

		UPDATE individual_participations IP

		SET IP.position = i

		WHERE IP.id = id;		

		

		SET i = i + 1;

		

		END LOOP;

		CLOSE curI;

		

	ELSEIF ( (mode_id > 5) && (mode_id < 11) ) THEN

	

		OPEN curT; 

		read_loop_team: LOOP

		

		FETCH curT INTO id;

		IF done THEN

			LEAVE read_loop_team;	

		END IF;

		

		UPDATE team_participations TP

		SET TP.position = i

		WHERE TP.id = id;		

		

		SET i = i + 1;

		

		END LOOP;

		CLOSE curT;

		

	END IF;



    END */$$
DELIMITER ;

/* Procedure structure for procedure `test_fill` */

/*!50003 DROP PROCEDURE IF EXISTS  `test_fill` */;

DELIMITER $$

/*!50003 CREATE DEFINER=`root`@`localhost` PROCEDURE `test_fill`()
BEGIN

	DECLARE i INT DEFAULT 1;

	DECLARE j INT DEFAULT 1;

	DECLARE k INT DEFAULT 1;

	

	WHILE ( i < 11) DO

	

		WHILE ( j < 91) DO

		

			WHILE ( k < 5) DO

			

				INSERT INTO `proyecto_bd`.`categories_events_modes` (

				  `mode_id`,

				  `category_id`,

				  `event_id`,

				  `hour`

				) 

				VALUES

				  (

				    i,

				    j,

				    k,

				    1200 + k

				  ) ;

				

				SET k = k + 1;

			END WHILE;

			

			set k = 1;

			SET j = j + 1;

		END WHILE;

		

		set j = 1;

		SET i = i + 1;

	END WHILE;

	

    END */$$
DELIMITER ;


/*!40101 SET SQL_MODE=@OLD_SQL_MODE */;
/*!40014 SET FOREIGN_KEY_CHECKS=@OLD_FOREIGN_KEY_CHECKS */;
/*!40014 SET UNIQUE_CHECKS=@OLD_UNIQUE_CHECKS */;
/*!40111 SET SQL_NOTES=@OLD_SQL_NOTES */;